team,points,model,sigma_0,equal_teams
BOS,40,1,0,0
BOS,41,1,0,0
BOS,42,1,0,0
BOS,43,1,0,0
BOS,44,0,0,0
BOS,45,3,0,0
BOS,46,0,0,0
BOS,47,6,0,0
BOS,48,4,0,0
BOS,49,3,0,0
BOS,50,6,0,0
BOS,51,8,0,1
BOS,52,15,0,0
BOS,53,12,0,0
BOS,54,14,0,0
BOS,55,16,0,0
BOS,56,20,1,0
BOS,57,27,0,1
BOS,58,51,0,1
BOS,59,36,0,1
BOS,60,52,1,1
BOS,61,53,1,2
BOS,62,53,2,1
BOS,63,92,2,4
BOS,64,107,2,5
BOS,65,135,2,6
BOS,66,151,7,9
BOS,67,157,10,19
BOS,68,202,12,17
BOS,69,245,21,29
BOS,70,268,19,58
BOS,71,304,47,89
BOS,72,337,67,96
BOS,73,381,81,115
BOS,74,460,93,171
BOS,75,506,155,225
BOS,76,517,184,280
BOS,77,614,242,322
BOS,78,681,282,406
BOS,79,742,369,534
BOS,80,795,450,620
BOS,81,799,579,760
BOS,82,931,677,922
BOS,83,1000,825,1103
BOS,84,1079,1025,1231
BOS,85,1135,1133,1370
BOS,86,1190,1350,1575
BOS,87,1253,1469,1742
BOS,88,1228,1602,1808
BOS,89,1335,1792,1981
BOS,90,1329,1971,2117
BOS,91,1423,2053,2269
BOS,92,1385,2233,2348
BOS,93,1500,2303,2365
BOS,94,1462,2316,2325
BOS,95,1449,2355,2393
BOS,96,1512,2343,2163
BOS,97,1412,2278,2207
BOS,98,1412,2198,2051
BOS,99,1464,2141,1883
BOS,100,1433,2026,1826
BOS,101,1403,1855,1593
BOS,102,1342,1754,1520
BOS,103,1352,1553,1308
BOS,104,1195,1365,1153
BOS,105,1159,1241,984
BOS,106,1068,1035,745
BOS,107,1018,882,702
BOS,108,956,762,583
BOS,109,870,622,476
BOS,110,785,507,372
BOS,111,798,430,301
BOS,112,680,337,226
BOS,113,601,285,171
BOS,114,534,178,109
BOS,115,523,139,87
BOS,116,452,107,66
BOS,117,392,63,48
BOS,118,339,52,38
BOS,119,296,29,24
BOS,120,277,35,13
BOS,121,182,18,9
BOS,122,171,13,8
BOS,123,152,7,6
BOS,124,151,7,3
BOS,125,97,4,1
BOS,126,80,0,0
BOS,127,70,0,2
BOS,128,65,1,0
BOS,129,37,0,0
BOS,130,30,0,0
BOS,131,33,0,0
BOS,132,19,0,0
BOS,133,16,0,0
BOS,134,13,0,0
BOS,135,11,0,0
BOS,136,9,0,0
BOS,137,4,0,0
BOS,138,3,0,0
BOS,139,2,0,0
BOS,140,2,0,0
BOS,141,1,0,0
BOS,142,2,0,0
BOS,143,0,0,0
BOS,144,0,0,0
BOS,145,1,0,0
BOS,146,0,0,0
BOS,147,0,0,0
BOS,148,1,0,0
BUF,47,1,0,0
BUF,48,0,0,0
BUF,49,0,0,0
BUF,50,2,0,0
BUF,51,2,0,0
BUF,52,0,0,0
BUF,53,1,0,0
BUF,54,0,0,0
BUF,55,2,0,0
BUF,56,4,0,1
BUF,57,3,0,2
BUF,58,7,0,0
BUF,59,7,0,0
BUF,60,9,0,1
BUF,61,20,0,0
BUF,62,18,0,2
BUF,63,21,0,3
BUF,64,27,0,3
BUF,65,35,0,6
BUF,66,23,0,17
BUF,67,37,0,19
BUF,68,47,1,26
BUF,69,72,0,31
BUF,70,77,2,41
BUF,71,106,5,83
BUF,72,89,0,109
BUF,73,131,4,111
BUF,74,150,7,161
BUF,75,187,13,192
BUF,76,219,13,256
BUF,77,211,27,341
BUF,78,278,24,434
BUF,79,316,29,516
BUF,80,392,54,618
BUF,81,392,85,771
BUF,82,396,88,865
BUF,83,505,123,1072
BUF,84,564,185,1187
BUF,85,582,220,1389
BUF,86,684,287,1585
BUF,87,687,352,1695
BUF,88,834,432,1854
BUF,89,868,581,1997
BUF,90,976,673,2105
BUF,91,959,836,2218
BUF,92,1023,1002,2283
BUF,93,1141,1102,2293
BUF,94,1171,1301,2446
BUF,95,1268,1432,2386
BUF,96,1307,1602,2291
BUF,97,1317,1772,2210
BUF,98,1483,1974,2108
BUF,99,1383,2063,1927
BUF,100,1494,2297,1804
BUF,101,1425,2272,1615
BUF,102,1536,2460,1458
BUF,103,1440,2381,1284
BUF,104,1660,2459,1099
BUF,105,1540,2307,973
BUF,106,1483,2269,808
BUF,107,1458,2208,695
BUF,108,1441,2064,611
BUF,109,1348,1864,452
BUF,110,1285,1767,368
BUF,111,1268,1485,290
BUF,112,1248,1381,229
BUF,113,1167,1193,177
BUF,114,1063,1045,142
BUF,115,994,849,96
BUF,116,948,720,74
BUF,117,940,608,52
BUF,118,762,506,51
BUF,119,714,409,21
BUF,120,642,298,17
BUF,121,598,225,14
BUF,122,555,181,8
BUF,123,428,127,2
BUF,124,436,108,2
BUF,125,347,85,0
BUF,126,325,46,2
BUF,127,244,27,0
BUF,128,210,29,0
BUF,129,191,16,1
BUF,130,167,7,0
BUF,131,127,6,0
BUF,132,108,5,0
BUF,133,86,2,0
BUF,134,62,2,0
BUF,135,42,0,0
BUF,136,53,2,0
BUF,137,38,0,0
BUF,138,27,0,0
BUF,139,25,1,0
BUF,140,9,0,0
BUF,141,9,0,0
BUF,142,9,0,0
BUF,143,8,0,0
BUF,144,1,0,0
BUF,145,1,0,0
BUF,146,0,0,0
BUF,147,1,0,0
BUF,148,2,0,0
BUF,149,0,0,0
BUF,150,0,0,0
BUF,151,1,0,0
DET,41,1,0,0
DET,42,1,0,0
DET,43,3,0,0
DET,44,5,0,0
DET,45,3,0,0
DET,46,7,0,0
DET,47,4,0,0
DET,48,9,0,0
DET,49,6,0,0
DET,50,17,0,0
DET,51,13,0,0
DET,52,21,0,0
DET,53,32,0,0
DET,54,39,0,0
DET,55,35,1,0
DET,56,61,3,0
DET,57,80,2,0
DET,58,80,0,1
DET,59,94,3,0
DET,60,114,7,1
DET,61,148,6,3
DET,62,176,15,3
DET,63,231,12,12
DET,64,228,16,6
DET,65,267,10,6
DET,66,306,32,13
DET,67,337,50,14
DET,68,381,72,21
DET,69,408,109,28
DET,70,479,132,52
DET,71,549,165,65
DET,72,620,225,135
DET,73,688,282,108
DET,74,667,345,181
DET,75,759,411,224
DET,76,786,531,300
DET,77,885,623,338
DET,78,965,816,436
DET,79,1014,929,537
DET,80,1084,1052,616
DET,81,1115,1241,803
DET,82,1181,1431,919
DET,83,1314,1535,1058
DET,84,1307,1722,1163
DET,85,1333,1895,1441
DET,86,1444,2027,1595
DET,87,1367,2154,1688
DET,88,1422,2226,1907
DET,89,1438,2260,2106
DET,90,1469,2319,2055
DET,91,1467,2238,2229
DET,92,1380,2291,2237
DET,93,1444,2237,2324
DET,94,1414,2150,2326
DET,95,1377,2069,2191
DET,96,1406,1961,2191
DET,97,1305,1826,2164
DET,98,1287,1682,2069
DET,99,1220,1425,1986
DET,100,1143,1269,1836
DET,101,1111,1149,1629
DET,102,1022,962,1477
DET,103,982,863,1307
DET,104,901,692,1193
DET,105,801,544,948
DET,106,802,496,828
DET,107,709,348,686
DET,108,675,266,600
DET,109,589,221,447
DET,110,538,183,331
DET,111,471,125,282
DET,112,408,89,213
DET,113,350,87,160
DET,114,365,50,156
DET,115,293,34,104
DET,116,275,24,71
DET,117,222,24,53
DET,118,213,15,42
DET,119,158,5,24
DET,120,134,6,24
DET,121,93,2,16
DET,122,76,2,13
DET,123,77,0,3
DET,124,71,2,0
DET,125,54,2,0
DET,126,35,1,1
DET,127,39,1,2
DET,128,29,0,0
DET,129,20,0,1
DET,130,10,0,0
DET,131,15,0,1
DET,132,7,0,0
DET,133,4,0,0
DET,134,4,0,0
DET,135,3,0,0
DET,136,1,0,0
DET,137,1,0,0
DET,138,2,0,0
DET,139,1,0,0
DET,140,1,0,0
DET,141,0,0,0
DET,142,0,0,0
DET,143,2,0,0
FLA,40,1,0,0
FLA,41,2,0,0
FLA,42,1,0,0
FLA,43,3,0,0
FLA,44,1,0,0
FLA,45,2,0,0
FLA,46,6,0,0
FLA,47,6,0,0
FLA,48,6,0,0
FLA,49,7,0,0
FLA,50,12,0,0
FLA,51,7,0,0
FLA,52,11,0,0
FLA,53,12,0,0
FLA,54,23,0,0
FLA,55,38,0,0
FLA,56,31,0,0
FLA,57,28,0,0
FLA,58,50,0,0
FLA,59,58,0,0
FLA,60,77,1,1
FLA,61,75,0,1
FLA,62,107,0,1
FLA,63,115,2,4
FLA,64,148,9,2
FLA,65,185,5,6
FLA,66,213,13,14
FLA,67,234,17,14
FLA,68,232,29,28
FLA,69,333,35,41
FLA,70,339,46,42
FLA,71,368,81,69
FLA,72,432,95,80
FLA,73,473,133,112
FLA,74,558,189,169
FLA,75,578,222,211
FLA,76,645,303,267
FLA,77,791,361,379
FLA,78,801,469,446
FLA,79,876,570,565
FLA,80,906,653,638
FLA,81,951,820,750
FLA,82,1049,949,899
FLA,83,1050,1083,1079
FLA,84,1154,1261,1217
FLA,85,1225,1410,1421
FLA,86,1241,1553,1529
FLA,87,1295,1721,1582
FLA,88,1346,1872,1925
FLA,89,1311,1987,1936
FLA,90,1349,2137,2088
FLA,91,1488,2247,2162
FLA,92,1487,2295,2363
FLA,93,1526,2465,2297
FLA,94,1451,2448,2388
FLA,95,1473,2292,2322
FLA,96,1439,2187,2299
FLA,97,1405,2187,2215
FLA,98,1399,2037,2020
FLA,99,1428,1847,1974
FLA,100,1334,1821,1840
FLA,101,1302,1587,1579
FLA,102,1261,1437,1510
FLA,103,1112,1287,1294
FLA,104,1092,1145,1146
FLA,105,1035,892,954
FLA,106,949,763,812
FLA,107,954,663,686
FLA,108,882,507,580
FLA,109,776,424,484
FLA,110,671,325,351
FLA,111,628,281,314
FLA,112,549,233,234
FLA,113,501,157,184
FLA,114,470,129,140
FLA,115,416,96,82
FLA,116,322,63,79
FLA,117,312,52,60
FLA,118,279,35,26
FLA,119,249,19,36
FLA,120,191,26,17
FLA,121,160,10,13
FLA,122,139,5,7
FLA,123,114,5,5
FLA,124,93,2,7
FLA,125,82,3,2
FLA,126,60,2,0
FLA,127,46,0,2
FLA,128,38,0,0
FLA,129,29,0,0
FLA,130,28,0,0
FLA,131,20,0,0
FLA,132,12,0,0
FLA,133,11,0,0
FLA,134,8,0,0
FLA,135,7,0,0
FLA,136,3,0,0
FLA,137,1,0,0
FLA,138,2,0,0
FLA,139,2,0,0
FLA,140,0,0,0
FLA,141,2,0,0
MTL,42,1,0,0
MTL,43,0,0,0
MTL,44,1,0,0
MTL,45,1,0,0
MTL,46,0,0,0
MTL,47,0,0,0
MTL,48,0,0,0
MTL,49,1,0,0
MTL,50,2,0,0
MTL,51,1,0,0
MTL,52,2,0,0
MTL,53,5,0,0
MTL,54,2,0,0
MTL,55,4,0,0
MTL,56,12,0,1
MTL,57,10,0,0
MTL,58,11,0,0
MTL,59,5,0,0
MTL,60,9,0,1
MTL,61,31,0,2
MTL,62,22,0,2
MTL,63,30,0,6
MTL,64,56,0,6
MTL,65,38,1,9
MTL,66,72,0,11
MTL,67,72,1,15
MTL,68,80,2,25
MTL,69,84,3,35
MTL,70,107,6,54
MTL,71,145,3,76
MTL,72,150,8,80
MTL,73,178,9,124
MTL,74,231,18,169
MTL,75,250,21,199
MTL,76,308,40,260
MTL,77,319,52,350
MTL,78,386,63,427
MTL,79,393,87,521
MTL,80,421,121,659
MTL,81,490,165,827
MTL,82,589,176,929
MTL,83,644,263,990
MTL,84,719,340,1176
MTL,85,733,419,1378
MTL,86,783,514,1538
MTL,87,910,612,1710
MTL,88,988,744,1833
MTL,89,1029,929,1961
MTL,90,1123,1039,2034
MTL,91,1146,1118,2231
MTL,92,1266,1323,2336
MTL,93,1281,1545,2289
MTL,94,1297,1727,2341
MTL,95,1390,1803,2391
MTL,96,1478,2030,2251
MTL,97,1405,2199,2232
MTL,98,1490,2238,2051
MTL,99,1471,2304,1876
MTL,100,1428,2378,1829
MTL,101,1500,2370,1739
MTL,102,1472,2390,1530
MTL,103,1451,2307,1270
MTL,104,1395,2267,1048
MTL,105,1425,2152,990
MTL,106,1403,1922,869
MTL,107,1315,1763,723
MTL,108,1299,1698,617
MTL,109,1317,1499,435
MTL,110,1207,1265,376
MTL,111,1121,1163,304
MTL,112,1075,974,235
MTL,113,974,841,153
MTL,114,934,720,126
MTL,115,795,530,113
MTL,116,774,437,71
MTL,117,697,318,50
MTL,118,731,306,34
MTL,119,588,201,27
MTL,120,526,163,16
MTL,121,477,129,15
MTL,122,379,85,9
MTL,123,346,66,5
MTL,124,303,37,3
MTL,125,238,33,4
MTL,126,214,23,1
MTL,127,197,13,1
MTL,128,144,14,0
MTL,129,125,6,1
MTL,130,101,2,0
MTL,131,93,4,0
MTL,132,63,0,0
MTL,133,42,1,0
MTL,134,46,0,0
MTL,135,30,0,0
MTL,136,27,0,0
MTL,137,23,0,0
MTL,138,20,0,0
MTL,139,11,0,0
MTL,140,5,0,0
MTL,141,4,0,0
MTL,142,5,0,0
MTL,143,3,0,0
MTL,144,2,0,0
MTL,145,1,0,0
MTL,146,2,0,0
OTT,44,1,0,0
OTT,45,0,0,0
OTT,46,1,0,0
OTT,47,1,0,0
OTT,48,1,0,0
OTT,49,0,0,0
OTT,50,3,0,0
OTT,51,2,0,0
OTT,52,4,0,0
OTT,53,6,0,0
OTT,54,8,0,0
OTT,55,9,0,0
OTT,56,14,0,0
OTT,57,8,0,0
OTT,58,16,0,1
OTT,59,15,0,0
OTT,60,15,1,1
OTT,61,23,0,0
OTT,62,36,0,3
OTT,63,41,0,4
OTT,64,53,0,2
OTT,65,74,1,6
OTT,66,76,3,7
OTT,67,92,0,22
OTT,68,127,0,21
OTT,69,135,7,41
OTT,70,152,6,53
OTT,71,203,9,64
OTT,72,216,15,92
OTT,73,244,25,129
OTT,74,290,30,164
OTT,75,293,43,210
OTT,76,376,58,259
OTT,77,405,88,336
OTT,78,475,118,464
OTT,79,497,171,516
OTT,80,549,209,615
OTT,81,604,284,736
OTT,82,667,345,936
OTT,83,796,386,1026
OTT,84,835,486,1225
OTT,85,871,632,1366
OTT,86,958,753,1531
OTT,87,1039,872,1704
OTT,88,1088,1027,1857
OTT,89,1216,1241,1918
OTT,90,1189,1378,2151
OTT,91,1241,1563,2166
OTT,92,1313,1680,2324
OTT,93,1309,1853,2368
OTT,94,1463,1971,2293
OTT,95,1404,2150,2248
OTT,96,1492,2242,2368
OTT,97,1480,2356,2163
OTT,98,1542,2372,2115
OTT,99,1518,2322,1959
OTT,100,1437,2365,1724
OTT,101,1481,2323,1611
OTT,102,1519,2159,1496
OTT,103,1436,2169,1330
OTT,104,1389,1942,1152
OTT,105,1378,1786,991
OTT,106,1278,1600,861
OTT,107,1244,1454,692
OTT,108,1164,1325,550
OTT,109,1131,1112,498
OTT,110,1012,971,381
OTT,111,1001,849,318
OTT,112,933,713,250
OTT,113,820,558,183
OTT,114,819,435,135
OTT,115,679,416,107
OTT,116,690,259,80
OTT,117,571,253,47
OTT,118,458,171,33
OTT,119,480,113,38
OTT,120,390,89,18
OTT,121,351,66,17
OTT,122,287,57,10
OTT,123,267,38,8
OTT,124,220,31,3
OTT,125,189,23,1
OTT,126,177,14,1
OTT,127,148,6,1
OTT,128,106,2,0
OTT,129,115,2,0
OTT,130,76,1,0
OTT,131,72,0,0
OTT,132,57,1,0
OTT,133,29,0,0
OTT,134,35,0,0
OTT,135,14,0,0
OTT,136,19,0,0
OTT,137,14,0,0
OTT,138,4,0,0
OTT,139,8,0,0
OTT,140,4,0,0
OTT,141,5,0,0
OTT,142,2,0,0
OTT,143,2,0,0
OTT,144,0,0,0
OTT,145,2,0,0
OTT,146,0,0,0
OTT,147,1,0,0
TBL,51,2,0,0
TBL,52,4,0,0
TBL,53,2,0,0
TBL,54,3,0,0
TBL,55,4,0,0
TBL,56,5,0,1
TBL,57,4,0,1
TBL,58,4,0,1
TBL,59,7,0,0
TBL,60,13,0,1
TBL,61,18,0,2
TBL,62,8,0,3
TBL,63,21,0,3
TBL,64,21,0,4
TBL,65,33,0,11
TBL,66,47,1,11
TBL,67,36,0,20
TBL,68,45,0,31
TBL,69,74,1,46
TBL,70,73,3,45
TBL,71,96,3,72
TBL,72,90,2,105
TBL,73,120,6,135
TBL,74,126,6,156
TBL,75,174,11,203
TBL,76,204,11,242
TBL,77,222,20,377
TBL,78,275,26,424
TBL,79,304,45,526
TBL,80,351,60,648
TBL,81,376,76,781
TBL,82,431,82,853
TBL,83,514,122,1040
TBL,84,584,167,1285
TBL,85,617,237,1329
TBL,86,628,300,1565
TBL,87,736,375,1670
TBL,88,779,447,1856
TBL,89,901,530,1991
TBL,90,889,678,2053
TBL,91,951,812,2224
TBL,92,1033,944,2304
TBL,93,1094,1091,2363
TBL,94,1146,1190,2336
TBL,95,1273,1382,2240
TBL,96,1240,1614,2231
TBL,97,1341,1775,2251
TBL,98,1395,1888,2095
TBL,99,1396,2097,1954
TBL,100,1460,2103,1797
TBL,101,1551,2335,1629
TBL,102,1500,2348,1499
TBL,103,1510,2389,1330
TBL,104,1512,2342,1131
TBL,105,1500,2340,958
TBL,106,1490,2361,849
TBL,107,1492,2150,663
TBL,108,1406,2111,596
TBL,109,1320,1919,462
TBL,110,1347,1731,377
TBL,111,1274,1628,312
TBL,112,1178,1487,228
TBL,113,1180,1268,202
TBL,114,1089,1071,125
TBL,115,1034,907,107
TBL,116,1010,733,79
TBL,117,902,605,43
TBL,118,864,513,40
TBL,119,764,405,26
TBL,120,683,318,19
TBL,121,568,259,11
TBL,122,582,187,7
TBL,123,521,146,5
TBL,124,422,106,4
TBL,125,351,74,7
TBL,126,299,50,5
TBL,127,293,33,0
TBL,128,210,24,0
TBL,129,229,17,0
TBL,130,151,11,0
TBL,131,132,8,0
TBL,132,105,6,0
TBL,133,89,5,0
TBL,134,65,5,0
TBL,135,45,1,0
TBL,136,43,0,0
TBL,137,29,1,0
TBL,138,28,1,0
TBL,139,12,0,0
TBL,140,21,0,0
TBL,141,5,0,0
TBL,142,9,0,0
TBL,143,3,0,0
TBL,144,5,0,0
TBL,145,3,0,0
TBL,146,3,0,0
TBL,147,0,0,0
TBL,148,0,0,0
TBL,149,1,0,0
TOR,35,1,0,0
TOR,36,1,0,0
TOR,37,0,0,0
TOR,38,1,0,0
TOR,39,4,0,0
TOR,40,3,0,0
TOR,41,5,0,0
TOR,42,5,0,0
TOR,43,4,0,0
TOR,44,9,0,0
TOR,45,16,0,0
TOR,46,16,0,0
TOR,47,19,0,0
TOR,48,32,0,0
TOR,49,24,0,0
TOR,50,44,0,0
TOR,51,46,0,0
TOR,52,66,0,0
TOR,53,74,2,0
TOR,54,97,2,0
TOR,55,111,1,0
TOR,56,126,3,0
TOR,57,151,4,0
TOR,58,183,11,0
TOR,59,216,23,0
TOR,60,233,17,1
TOR,61,312,35,1
TOR,62,319,47,2
TOR,63,328,68,3
TOR,64,442,84,5
TOR,65,451,129,9
TOR,66,470,155,12
TOR,67,607,204,19
TOR,68,628,258,22
TOR,69,641,353,36
TOR,70,740,417,47
TOR,71,851,557,76
TOR,72,908,610,86
TOR,73,949,707,142
TOR,74,1058,874,161
TOR,75,1098,1059,232
TOR,76,1212,1215,278
TOR,77,1197,1387,343
TOR,78,1263,1536,410
TOR,79,1350,1719,547
TOR,80,1355,1812,598
TOR,81,1395,2061,741
TOR,82,1351,2136,919
TOR,83,1410,2151,1057
TOR,84,1400,2260,1218
TOR,85,1410,2269,1404
TOR,86,1525,2284,1559
TOR,87,1372,2385,1612
TOR,88,1441,2255,1854
TOR,89,1494,2175,2075
TOR,90,1415,2101,2147
TOR,91,1290,1892,2175
TOR,92,1325,1814,2227
TOR,93,1222,1655,2276
TOR,94,1191,1447,2363
TOR,95,1146,1341,2315
TOR,96,1131,1168,2233
TOR,97,998,981,2191
TOR,98,992,862,2022
TOR,99,965,719,1999
TOR,100,839,634,1830
TOR,101,817,481,1617
TOR,102,711,411,1494
TOR,103,689,294,1332
TOR,104,638,232,1216
TOR,105,541,188,960
TOR,106,489,140,789
TOR,107,447,111,717
TOR,108,404,75,540
TOR,109,343,63,481
TOR,110,326,35,390
TOR,111,252,28,302
TOR,112,214,17,239
TOR,113,196,16,186
TOR,114,155,13,136
TOR,115,143,10,113
TOR,116,112,2,58
TOR,117,99,1,59
TOR,118,90,1,42
TOR,119,82,0,25
TOR,120,61,0,22
TOR,121,41,1,14
TOR,122,38,1,9
TOR,123,30,1,4
TOR,124,27,0,4
TOR,125,22,0,0
TOR,126,17,0,2
TOR,127,7,0,1
TOR,128,10,0,1
TOR,129,9,0,0
TOR,130,2,0,0
TOR,131,6,0,0
TOR,132,1,0,0
TOR,133,0,0,0
TOR,134,1,0,0
TOR,135,1,0,0
TOR,136,1,0,0
CAR,37,1,0,0
CAR,38,0,0,0
CAR,39,0,0,0
CAR,40,0,0,0
CAR,41,0,0,0
CAR,42,0,0,0
CAR,43,0,0,0
CAR,44,0,0,0
CAR,45,0,0,0
CAR,46,0,0,0
CAR,47,0,0,0
CAR,48,1,0,0
CAR,49,0,0,0
CAR,50,0,0,0
CAR,51,0,0,0
CAR,52,0,0,0
CAR,53,0,0,0
CAR,54,0,0,0
CAR,55,0,0,0
CAR,56,2,0,0
CAR,57,2,0,0
CAR,58,4,0,0
CAR,59,0,0,0
CAR,60,5,0,2
CAR,61,7,0,1
CAR,62,3,0,4
CAR,63,7,0,2
CAR,64,13,0,7
CAR,65,10,0,5
CAR,66,18,0,11
CAR,67,20,0,20
CAR,68,24,0,18
CAR,69,35,0,40
CAR,70,34,0,59
CAR,71,44,1,68
CAR,72,56,1,111
CAR,73,77,1,115
CAR,74,78,1,153
CAR,75,78,2,215
CAR,76,105,1,273
CAR,77,116,5,348
CAR,78,158,11,410
CAR,79,188,11,521
CAR,80,214,12,673
CAR,81,247,23,754
CAR,82,261,19,908
CAR,83,323,46,1020
CAR,84,363,45,1177
CAR,85,400,80,1410
CAR,86,427,118,1585
CAR,87,545,150,1700
CAR,88,591,190,1891
CAR,89,621,260,1982
CAR,90,647,312,2145
CAR,91,756,345,2214
CAR,92,815,463,2242
CAR,93,858,574,2315
CAR,94,1009,752,2364
CAR,95,1031,831,2312
CAR,96,1078,969,2219
CAR,97,1153,1216,2252
CAR,98,1177,1368,1973
CAR,99,1221,1454,1982
CAR,100,1404,1684,1838
CAR,101,1366,1881,1567
CAR,102,1374,2061,1475
CAR,103,1390,2075,1270
CAR,104,1452,2245,1177
CAR,105,1518,2365,1008
CAR,106,1483,2400,876
CAR,107,1545,2319,691
CAR,108,1503,2368,587
CAR,109,1573,2425,438
CAR,110,1504,2217,393
CAR,111,1534,2140,292
CAR,112,1465,2064,232
CAR,113,1363,1918,161
CAR,114,1347,1638,148
CAR,115,1266,1586,89
CAR,116,1214,1346,78
CAR,117,1135,1140,64
CAR,118,1097,992,35
CAR,119,1050,861,22
CAR,120,911,659,19
CAR,121,849,557,16
CAR,122,775,446,10
CAR,123,713,345,8
CAR,124,620,292,2
CAR,125,565,225,1
CAR,126,532,145,1
CAR,127,393,108,0
CAR,128,366,71,0
CAR,129,337,58,0
CAR,130,298,37,1
CAR,131,248,20,0
CAR,132,181,17,0
CAR,133,157,14,0
CAR,134,147,4,0
CAR,135,103,8,0
CAR,136,90,2,0
CAR,137,70,3,0
CAR,138,58,2,0
CAR,139,50,0,0
CAR,140,43,0,0
CAR,141,25,0,0
CAR,142,21,1,0
CAR,143,11,0,0
CAR,144,12,0,0
CAR,145,8,0,0
CAR,146,6,0,0
CAR,147,1,0,0
CAR,148,1,0,0
CAR,149,1,0,0
CAR,150,0,0,0
CAR,151,1,0,0
CAR,152,0,0,0
CAR,153,0,0,0
CAR,154,1,0,0
CBJ,35,1,0,0
CBJ,36,0,0,0
CBJ,37,0,0,0
CBJ,38,0,0,0
CBJ,39,0,0,0
CBJ,40,0,0,0
CBJ,41,6,0,0
CBJ,42,0,0,0
CBJ,43,0,0,0
CBJ,44,0,0,0
CBJ,45,3,0,0
CBJ,46,5,0,0
CBJ,47,4,0,0
CBJ,48,5,0,0
CBJ,49,8,0,0
CBJ,50,12,0,0
CBJ,51,18,0,0
CBJ,52,22,0,0
CBJ,53,25,0,0
CBJ,54,20,0,0
CBJ,55,43,0,0
CBJ,56,35,1,0
CBJ,57,58,2,0
CBJ,58,73,2,1
CBJ,59,75,1,1
CBJ,60,113,2,0
CBJ,61,109,5,2
CBJ,62,137,5,3
CBJ,63,153,9,2
CBJ,64,174,15,7
CBJ,65,222,17,5
CBJ,66,269,25,11
CBJ,67,296,43,20
CBJ,68,348,46,26
CBJ,69,363,71,46
CBJ,70,417,95,50
CBJ,71,488,128,60
CBJ,72,513,155,102
CBJ,73,585,215,118
CBJ,74,650,273,164
CBJ,75,722,361,215
CBJ,76,744,453,267
CBJ,77,796,587,355
CBJ,78,880,657,426
CBJ,79,978,746,578
CBJ,80,1091,920,619
CBJ,81,1155,1027,763
CBJ,82,1121,1232,867
CBJ,83,1212,1374,1031
CBJ,84,1293,1588,1203
CBJ,85,1301,1669,1353
CBJ,86,1358,1867,1561
CBJ,87,1364,2035,1632
CBJ,88,1429,2174,1872
CBJ,89,1388,2257,1959
CBJ,90,1408,2273,2109
CBJ,91,1482,2369,2233
CBJ,92,1460,2297,2250
CBJ,93,1453,2326,2357
CBJ,94,1392,2237,2352
CBJ,95,1476,2243,2394
CBJ,96,1432,2089,2278
CBJ,97,1339,1963,2147
CBJ,98,1276,1745,2102
CBJ,99,1359,1642,1956
CBJ,100,1141,1491,1794
CBJ,101,1113,1231,1706
CBJ,102,1127,1137,1459
CBJ,103,1080,898,1321
CBJ,104,943,817,1128
CBJ,105,935,704,966
CBJ,106,881,541,834
CBJ,107,791,441,744
CBJ,108,674,383,533
CBJ,109,660,273,477
CBJ,110,592,215,402
CBJ,111,526,175,291
CBJ,112,468,140,214
CBJ,113,412,93,178
CBJ,114,392,68,121
CBJ,115,322,49,100
CBJ,116,323,29,87
CBJ,117,269,18,34
CBJ,118,212,15,30
CBJ,119,194,12,19
CBJ,120,131,9,23
CBJ,121,123,8,15
CBJ,122,109,7,12
CBJ,123,69,3,4
CBJ,124,84,0,3
CBJ,125,62,1,3
CBJ,126,46,1,2
CBJ,127,44,0,1
CBJ,128,33,0,1
CBJ,129,24,0,1
CBJ,130,12,0,0
CBJ,131,12,0,0
CBJ,132,9,0,0
CBJ,133,8,0,0
CBJ,134,3,0,0
CBJ,135,7,0,0
CBJ,136,6,0,0
CBJ,137,2,0,0
CBJ,138,0,0,0
CBJ,139,0,0,0
CBJ,140,1,0,0
CBJ,141,0,0,0
CBJ,142,0,0,0
CBJ,143,1,0,0
NJD,32,1,0,0
NJD,33,0,0,0
NJD,34,0,0,0
NJD,35,0,0,0
NJD,36,0,0,0
NJD,37,0,0,0
NJD,38,1,0,0
NJD,39,0,0,0
NJD,40,0,0,0
NJD,41,0,0,0
NJD,42,0,0,0
NJD,43,2,0,0
NJD,44,1,0,0
NJD,45,4,0,0
NJD,46,6,0,0
NJD,47,4,0,0
NJD,48,15,0,0
NJD,49,7,0,0
NJD,50,7,0,0
NJD,51,12,0,0
NJD,52,13,0,0
NJD,53,18,0,0
NJD,54,28,0,0
NJD,55,30,0,0
NJD,56,45,0,0
NJD,57,45,1,0
NJD,58,60,1,1
NJD,59,78,0,0
NJD,60,85,0,2
NJD,61,77,2,2
NJD,62,118,2,2
NJD,63,153,5,4
NJD,64,142,9,2
NJD,65,162,10,13
NJD,66,204,12,9
NJD,67,251,31,23
NJD,68,335,32,25
NJD,69,345,57,36
NJD,70,372,68,53
NJD,71,433,101,74
NJD,72,453,100,88
NJD,73,540,161,142
NJD,74,576,208,178
NJD,75,644,268,218
NJD,76,665,329,263
NJD,77,779,388,361
NJD,78,760,538,465
NJD,79,846,624,534
NJD,80,928,749,666
NJD,81,948,878,756
NJD,82,1034,1033,931
NJD,83,1174,1248,1043
NJD,84,1201,1355,1253
NJD,85,1175,1502,1373
NJD,86,1349,1677,1464
NJD,87,1333,1805,1679
NJD,88,1350,1981,1901
NJD,89,1372,2073,2002
NJD,90,1462,2202,2195
NJD,91,1455,2260,2185
NJD,92,1434,2320,2258
NJD,93,1457,2262,2288
NJD,94,1403,2316,2352
NJD,95,1470,2322,2287
NJD,96,1448,2210,2266
NJD,97,1419,2080,2159
NJD,98,1398,2023,2100
NJD,99,1337,1872,1933
NJD,100,1285,1694,1787
NJD,101,1253,1433,1630
NJD,102,1203,1349,1458
NJD,103,1128,1139,1312
NJD,104,1037,1025,1181
NJD,105,1022,843,1000
NJD,106,914,731,837
NJD,107,931,584,668
NJD,108,775,487,555
NJD,109,708,393,437
NJD,110,671,271,372
NJD,111,596,254,283
NJD,112,547,193,228
NJD,113,482,129,183
NJD,114,450,105,119
NJD,115,383,73,110
NJD,116,335,47,88
NJD,117,259,44,52
NJD,118,260,29,31
NJD,119,240,17,30
NJD,120,195,16,12
NJD,121,181,8,16
NJD,122,135,6,6
NJD,123,118,8,10
NJD,124,104,2,3
NJD,125,76,2,2
NJD,126,54,1,2
NJD,127,49,0,1
NJD,128,35,1,0
NJD,129,22,0,1
NJD,130,18,1,0
NJD,131,16,0,0
NJD,132,14,0,0
NJD,133,12,0,0
NJD,134,8,0,0
NJD,135,3,0,0
NJD,136,6,0,0
NJD,137,3,0,0
NJD,138,2,0,0
NJD,139,1,0,0
NJD,140,1,0,0
NJD,141,2,0,0
NJD,142,1,0,0
NJD,143,0,0,0
NJD,144,0,0,0
NJD,145,1,0,0
NYI,39,1,0,0
NYI,40,1,0,0
NYI,41,0,0,0
NYI,42,0,0,0
NYI,43,1,0,0
NYI,44,2,0,0
NYI,45,1,0,0
NYI,46,4,0,0
NYI,47,7,0,0
NYI,48,6,0,0
NYI,49,7,0,0
NYI,50,9,0,0
NYI,51,12,0,0
NYI,52,14,0,0
NYI,53,20,0,0
NYI,54,23,0,0
NYI,55,26,1,0
NYI,56,39,0,0
NYI,57,50,0,0
NYI,58,57,0,0
NYI,59,86,0,0
NYI,60,99,2,2
NYI,61,124,0,3
NYI,62,119,4,2
NYI,63,137,7,2
NYI,64,178,5,5
NYI,65,190,10,9
NYI,66,184,23,9
NYI,67,241,18,20
NYI,68,307,24,21
NYI,69,312,51,27
NYI,70,362,63,45
NYI,71,433,117,62
NYI,72,478,140,100
NYI,73,533,172,139
NYI,74,603,200,165
NYI,75,683,285,213
NYI,76,710,380,278
NYI,77,747,449,367
NYI,78,825,553,432
NYI,79,923,687,542
NYI,80,1064,805,630
NYI,81,1035,975,817
NYI,82,1098,1062,906
NYI,83,1126,1323,1064
NYI,84,1241,1437,1251
NYI,85,1332,1624,1449
NYI,86,1315,1656,1552
NYI,87,1326,1884,1705
NYI,88,1400,1980,1851
NYI,89,1401,2128,1991
NYI,90,1373,2232,2054
NYI,91,1442,2330,2169
NYI,92,1463,2290,2275
NYI,93,1409,2273,2372
NYI,94,1444,2280,2337
NYI,95,1486,2291,2245
NYI,96,1415,2122,2236
NYI,97,1333,2021,2105
NYI,98,1391,2005,2103
NYI,99,1275,1795,1974
NYI,100,1239,1577,1822
NYI,101,1226,1398,1673
NYI,102,1181,1311,1460
NYI,103,1096,1126,1273
NYI,104,1015,948,1147
NYI,105,976,791,956
NYI,106,885,647,875
NYI,107,889,558,670
NYI,108,759,471,577
NYI,109,720,338,455
NYI,110,653,258,366
NYI,111,548,225,287
NYI,112,522,181,236
NYI,113,486,135,182
NYI,114,434,100,131
NYI,115,370,76,98
NYI,116,336,49,66
NYI,117,276,34,82
NYI,118,274,27,40
NYI,119,220,17,27
NYI,120,167,11,14
NYI,121,148,8,19
NYI,122,126,5,5
NYI,123,104,1,2
NYI,124,94,0,4
NYI,125,81,2,1
NYI,126,55,1,1
NYI,127,40,1,0
NYI,128,34,0,1
NYI,129,30,0,0
NYI,130,25,0,1
NYI,131,19,0,0
NYI,132,9,0,0
NYI,133,12,0,0
NYI,134,8,0,0
NYI,135,4,0,0
NYI,136,6,0,0
NYI,137,3,0,0
NYI,138,1,0,0
NYI,139,1,0,0
NYI,140,2,0,0
NYI,141,0,0,0
NYI,142,1,0,0
NYI,143,0,0,0
NYI,144,0,0,0
NYI,145,1,0,0
NYI,146,1,0,0
NYR,33,1,0,0
NYR,34,0,0,0
NYR,35,2,0,0
NYR,36,0,0,0
NYR,37,1,0,0
NYR,38,2,0,0
NYR,39,3,0,0
NYR,40,0,0,0
NYR,41,3,0,0
NYR,42,6,0,0
NYR,43,8,0,0
NYR,44,8,0,0
NYR,45,9,0,0
NYR,46,16,0,0
NYR,47,18,0,0
NYR,48,28,0,0
NYR,49,36,1,0
NYR,50,45,0,0
NYR,51,44,1,0
NYR,52,58,2,0
NYR,53,68,1,0
NYR,54,95,1,0
NYR,55,117,4,1
NYR,56,118,1,0
NYR,57,123,3,0
NYR,58,187,7,0
NYR,59,186,14,1
NYR,60,231,25,0
NYR,61,271,30,4
NYR,62,296,49,2
NYR,63,323,48,2
NYR,64,407,87,2
NYR,65,411,105,12
NYR,66,496,121,12
NYR,67,536,194,18
NYR,68,604,254,27
NYR,69,610,278,33
NYR,70,710,350,48
NYR,71,772,452,80
NYR,72,884,560,96
NYR,73,905,728,138
NYR,74,989,848,189
NYR,75,1028,945,224
NYR,76,1080,1108,272
NYR,77,1129,1298,343
NYR,78,1215,1380,407
NYR,79,1245,1573,532
NYR,80,1339,1718,646
NYR,81,1398,1963,763
NYR,82,1370,1972,954
NYR,83,1426,2121,1037
NYR,84,1490,2289,1212
NYR,85,1435,2366,1354
NYR,86,1405,2349,1541
NYR,87,1479,2245,1660
NYR,88,1486,2340,1787
NYR,89,1506,2154,1974
NYR,90,1423,2098,2212
NYR,91,1351,2038,2161
NYR,92,1315,1957,2284
NYR,93,1244,1718,2348
NYR,94,1242,1581,2291
NYR,95,1217,1427,2271
NYR,96,1143,1212,2261
NYR,97,1099,1085,2248
NYR,98,1038,993,2065
NYR,99,948,811,1934
NYR,100,902,619,1841
NYR,101,839,549,1649
NYR,102,796,466,1460
NYR,103,686,363,1281
NYR,104,669,278,1166
NYR,105,552,197,1009
NYR,106,543,168,866
NYR,107,468,140,728
NYR,108,406,80,539
NYR,109,353,72,477
NYR,110,350,50,372
NYR,111,243,33,286
NYR,112,269,30,222
NYR,113,218,26,161
NYR,114,192,8,136
NYR,115,158,7,104
NYR,116,135,5,81
NYR,117,98,1,57
NYR,118,92,0,38
NYR,119,89,0,26
NYR,120,50,1,22
NYR,121,54,1,13
NYR,122,40,1,9
NYR,123,28,0,5
NYR,124,17,0,4
NYR,125,18,0,0
NYR,126,13,0,2
NYR,127,11,0,0
NYR,128,14,0,0
NYR,129,8,0,0
NYR,130,3,0,0
NYR,131,4,0,0
NYR,132,1,0,0
NYR,133,2,0,0
NYR,134,1,0,0
PHI,40,1,0,0
PHI,41,1,0,0
PHI,42,0,0,0
PHI,43,1,0,0
PHI,44,1,0,0
PHI,45,0,0,0
PHI,46,0,0,0
PHI,47,3,0,0
PHI,48,2,0,0
PHI,49,3,0,0
PHI,50,5,0,0
PHI,51,7,0,0
PHI,52,4,0,0
PHI,53,17,1,0
PHI,54,19,0,0
PHI,55,19,0,1
PHI,56,25,0,0
PHI,57,33,0,0
PHI,58,34,0,0
PHI,59,44,0,0
PHI,60,54,0,2
PHI,61,75,0,0
PHI,62,68,3,2
PHI,63,87,2,4
PHI,64,123,3,6
PHI,65,127,6,6
PHI,66,161,8,10
PHI,67,175,9,20
PHI,68,230,14,25
PHI,69,249,26,45
PHI,70,287,32,47
PHI,71,309,49,67
PHI,72,368,63,88
PHI,73,422,93,109
PHI,74,444,107,156
PHI,75,544,164,194
PHI,76,585,227,282
PHI,77,592,269,364
PHI,78,697,347,453
PHI,79,803,460,495
PHI,80,748,494,613
PHI,81,911,624,739
PHI,82,1006,709,943
PHI,83,1033,881,1064
PHI,84,1064,1046,1175
PHI,85,1164,1249,1367
PHI,86,1236,1345,1533
PHI,87,1219,1538,1658
PHI,88,1293,1671,1966
PHI,89,1341,1886,2003
PHI,90,1394,1981,2088
PHI,91,1450,2151,2244
PHI,92,1476,2242,2262
PHI,93,1466,2253,2312
PHI,94,1386,2330,2260
PHI,95,1539,2331,2324
PHI,96,1453,2356,2325
PHI,97,1442,2414,2219
PHI,98,1407,2185,2123
PHI,99,1447,2122,1891
PHI,100,1368,2008,1908
PHI,101,1316,1731,1619
PHI,102,1329,1707,1494
PHI,103,1214,1420,1235
PHI,104,1214,1264,1173
PHI,105,1145,1095,925
PHI,106,1061,951,795
PHI,107,968,868,675
PHI,108,878,697,584
PHI,109,870,541,474
PHI,110,783,449,365
PHI,111,723,381,331
PHI,112,694,299,244
PHI,113,615,223,182
PHI,114,533,184,154
PHI,115,464,123,100
PHI,116,423,110,81
PHI,117,378,95,46
PHI,118,303,47,43
PHI,119,288,46,41
PHI,120,246,25,19
PHI,121,196,23,11
PHI,122,166,5,1
PHI,123,138,7,7
PHI,124,115,5,3
PHI,125,104,1,1
PHI,126,103,2,1
PHI,127,64,0,1
PHI,128,38,0,0
PHI,129,40,0,1
PHI,130,30,1,1
PHI,131,25,0,0
PHI,132,15,0,0
PHI,133,18,1,0
PHI,134,9,0,0
PHI,135,8,0,0
PHI,136,6,0,0
PHI,137,5,0,0
PHI,138,7,0,0
PHI,139,0,0,0
PHI,140,4,0,0
PHI,141,0,0,0
PHI,142,1,0,0
PHI,143,1,0,0
PIT,34,1,0,0
PIT,35,0,0,0
PIT,36,0,0,0
PIT,37,0,0,0
PIT,38,0,0,0
PIT,39,0,0,0
PIT,40,0,0,0
PIT,41,2,0,0
PIT,42,1,0,0
PIT,43,0,0,0
PIT,44,2,0,0
PIT,45,5,0,0
PIT,46,3,0,0
PIT,47,7,0,0
PIT,48,13,0,0
PIT,49,6,0,0
PIT,50,17,0,0
PIT,51,13,0,0
PIT,52,20,0,0
PIT,53,27,0,0
PIT,54,23,0,0
PIT,55,32,0,0
PIT,56,51,0,0
PIT,57,54,0,0
PIT,58,58,0,0
PIT,59,85,2,0
PIT,60,100,1,1
PIT,61,137,2,5
PIT,62,140,5,2
PIT,63,173,7,0
PIT,64,169,8,4
PIT,65,217,12,5
PIT,66,228,30,12
PIT,67,268,30,14
PIT,68,309,43,33
PIT,69,385,63,33
PIT,70,425,70,47
PIT,71,434,124,67
PIT,72,509,129,97
PIT,73,547,228,146
PIT,74,703,258,160
PIT,75,662,320,228
PIT,76,724,411,252
PIT,77,852,480,336
PIT,78,891,606,442
PIT,79,944,761,497
PIT,80,994,871,629
PIT,81,1085,1006,772
PIT,82,1061,1241,912
PIT,83,1161,1323,1079
PIT,84,1208,1569,1253
PIT,85,1308,1687,1365
PIT,86,1318,1819,1562
PIT,87,1499,1936,1716
PIT,88,1358,2096,1852
PIT,89,1392,2137,2018
PIT,90,1472,2300,2150
PIT,91,1432,2315,2243
PIT,92,1463,2344,2271
PIT,93,1488,2344,2301
PIT,94,1398,2319,2295
PIT,95,1423,2234,2262
PIT,96,1420,2053,2320
PIT,97,1420,2045,2181
PIT,98,1331,1777,2139
PIT,99,1273,1708,1898
PIT,100,1271,1431,1789
PIT,101,1179,1322,1647
PIT,102,1173,1170,1425
PIT,103,1009,1022,1241
PIT,104,1023,857,1120
PIT,105,952,720,1032
PIT,106,830,600,810
PIT,107,806,505,723
PIT,108,737,389,575
PIT,109,671,359,457
PIT,110,623,232,389
PIT,111,519,195,337
PIT,112,487,142,231
PIT,113,452,98,161
PIT,114,415,74,128
PIT,115,322,44,94
PIT,116,302,45,67
PIT,117,258,24,54
PIT,118,200,19,41
PIT,119,166,12,25
PIT,120,163,11,15
PIT,121,139,4,15
PIT,122,110,4,10
PIT,123,76,4,10
PIT,124,74,1,2
PIT,125,69,1,1
PIT,126,51,0,0
PIT,127,39,0,1
PIT,128,36,1,0
PIT,129,30,0,0
PIT,130,17,0,1
PIT,131,15,0,0
PIT,132,11,0,0
PIT,133,10,0,0
PIT,134,8,0,0
PIT,135,4,0,0
PIT,136,7,0,0
PIT,137,1,0,0
PIT,138,2,0,0
PIT,139,0,0,0
PIT,140,0,0,0
PIT,141,0,0,0
PIT,142,0,0,0
PIT,143,1,0,0
PIT,144,0,0,0
PIT,145,1,0,0
WSH,41,1,0,0
WSH,42,0,0,0
WSH,43,2,0,0
WSH,44,0,0,0
WSH,45,0,0,0
WSH,46,0,0,0
WSH,47,2,0,0
WSH,48,0,0,0
WSH,49,1,0,0
WSH,50,3,0,0
WSH,51,1,0,0
WSH,52,5,0,0
WSH,53,10,0,0
WSH,54,8,0,0
WSH,55,9,0,0
WSH,56,21,0,0
WSH,57,14,0,0
WSH,58,22,0,0
WSH,59,23,0,1
WSH,60,27,0,1
WSH,61,48,0,1
WSH,62,44,1,1
WSH,63,52,1,6
WSH,64,79,0,3
WSH,65,82,1,7
WSH,66,110,0,8
WSH,67,116,1,11
WSH,68,128,6,28
WSH,69,141,9,41
WSH,70,209,10,60
WSH,71,233,17,74
WSH,72,247,20,89
WSH,73,266,33,107
WSH,74,314,54,171
WSH,75,360,57,234
WSH,76,413,90,288
WSH,77,496,122,365
WSH,78,489,185,402
WSH,79,582,204,513
WSH,80,618,269,652
WSH,81,661,291,739
WSH,82,699,399,895
WSH,83,784,536,984
WSH,84,980,570,1255
WSH,85,964,724,1432
WSH,86,986,887,1497
WSH,87,1071,962,1721
WSH,88,1172,1183,1872
WSH,89,1187,1357,1992
WSH,90,1239,1491,2089
WSH,91,1276,1648,2177
WSH,92,1288,1827,2372
WSH,93,1399,1999,2319
WSH,94,1428,2067,2273
WSH,95,1489,2302,2338
WSH,96,1420,2357,2294
WSH,97,1458,2323,2237
WSH,98,1508,2370,2039
WSH,99,1442,2309,1889
WSH,100,1434,2380,1780
WSH,101,1392,2259,1691
WSH,102,1385,1988,1462
WSH,103,1399,2014,1322
WSH,104,1359,1819,1148
WSH,105,1253,1630,1002
WSH,106,1273,1514,774
WSH,107,1180,1357,724
WSH,108,1186,1196,570
WSH,109,1106,990,461
WSH,110,1015,856,395
WSH,111,896,675,303
WSH,112,860,575,258
WSH,113,803,506,165
WSH,114,762,363,117
WSH,115,677,304,105
WSH,116,600,226,68
WSH,117,553,186,62
WSH,118,492,132,30
WSH,119,420,127,25
WSH,120,359,78,17
WSH,121,313,38,10
WSH,122,306,37,15
WSH,123,229,18,10
WSH,124,185,10,3
WSH,125,200,17,0
WSH,126,132,9,3
WSH,127,151,6,1
WSH,128,85,2,1
WSH,129,61,2,0
WSH,130,73,2,0
WSH,131,65,0,1
WSH,132,40,0,0
WSH,133,28,2,0
WSH,134,28,0,0
WSH,135,14,0,0
WSH,136,18,0,0
WSH,137,14,0,0
WSH,138,6,0,0
WSH,139,7,0,0
WSH,140,9,0,0
WSH,141,2,0,0
WSH,142,1,0,0
WSH,143,1,0,0
WSH,144,0,0,0
WSH,145,1,0,0
CHI,28,1,0,0
CHI,29,1,0,0
CHI,30,0,0,0
CHI,31,1,0,0
CHI,32,9,0,0
CHI,33,8,0,0
CHI,34,3,0,0
CHI,35,8,0,0
CHI,36,13,0,0
CHI,37,10,0,0
CHI,38,16,0,0
CHI,39,27,0,0
CHI,40,33,0,0
CHI,41,30,0,0
CHI,42,52,0,0
CHI,43,78,0,0
CHI,44,76,3,0
CHI,45,75,3,0
CHI,46,122,1,0
CHI,47,128,5,0
CHI,48,152,7,0
CHI,49,185,12,0
CHI,50,241,23,0
CHI,51,272,25,0
CHI,52,293,27,0
CHI,53,334,52,0
CHI,54,357,77,0
CHI,55,456,114,0
CHI,56,490,147,0
CHI,57,518,162,0
CHI,58,615,228,0
CHI,59,692,325,1
CHI,60,758,419,2
CHI,61,842,491,1
CHI,62,862,649,2
CHI,63,915,722,5
CHI,64,1004,896,6
CHI,65,1054,1014,4
CHI,66,1170,1181,8
CHI,67,1175,1389,15
CHI,68,1277,1497,24
CHI,69,1338,1727,42
CHI,70,1454,1869,45
CHI,71,1376,2015,80
CHI,72,1361,2206,87
CHI,73,1468,2206,107
CHI,74,1458,2262,147
CHI,75,1452,2320,193
CHI,76,1511,2339,277
CHI,77,1481,2276,377
CHI,78,1369,2325,442
CHI,79,1400,2185,511
CHI,80,1458,2069,659
CHI,81,1398,1896,751
CHI,82,1308,1820,938
CHI,83,1244,1639,1023
CHI,84,1221,1504,1266
CHI,85,1109,1335,1390
CHI,86,1080,1088,1554
CHI,87,1033,1024,1767
CHI,88,1006,873,1826
CHI,89,911,757,2040
CHI,90,825,594,2035
CHI,91,825,489,2174
CHI,92,790,397,2268
CHI,93,673,304,2303
CHI,94,643,246,2321
CHI,95,539,204,2348
CHI,96,513,163,2215
CHI,97,474,92,2235
CHI,98,414,84,2143
CHI,99,399,61,1867
CHI,100,308,50,1738
CHI,101,264,22,1657
CHI,102,235,26,1471
CHI,103,221,18,1383
CHI,104,175,14,1121
CHI,105,155,14,962
CHI,106,136,7,777
CHI,107,116,5,693
CHI,108,94,2,611
CHI,109,75,0,478
CHI,110,72,1,381
CHI,111,47,2,308
CHI,112,48,1,256
CHI,113,40,0,174
CHI,114,29,0,157
CHI,115,21,0,92
CHI,116,14,0,71
CHI,117,17,0,50
CHI,118,12,0,33
CHI,119,9,0,28
CHI,120,11,0,10
CHI,121,2,0,19
CHI,122,3,0,13
CHI,123,3,0,10
CHI,124,1,0,4
CHI,125,2,0,1
CHI,126,1,0,2
CHI,127,2,0,0
CHI,128,0,0,0
CHI,129,0,0,0
CHI,130,0,0,1
CHI,131,0,0,0
CHI,132,1,0,0
CHI,133,0,0,0
CHI,134,0,0,0
CHI,135,0,0,0
CHI,136,0,0,0
CHI,137,1,0,0
CHI,138,0,0,0
CHI,139,1,0,0
COL,51,1,0,0
COL,52,0,0,0
COL,53,0,0,0
COL,54,1,0,0
COL,55,0,0,0
COL,56,0,0,0
COL,57,1,0,2
COL,58,1,0,0
COL,59,2,0,0
COL,60,1,0,2
COL,61,4,0,1
COL,62,3,0,4
COL,63,3,0,2
COL,64,1,0,8
COL,65,11,0,12
COL,66,10,0,14
COL,67,12,1,23
COL,68,20,0,21
COL,69,23,0,32
COL,70,15,0,49
COL,71,39,0,66
COL,72,39,1,92
COL,73,46,1,123
COL,74,45,0,170
COL,75,69,0,217
COL,76,83,5,240
COL,77,93,0,343
COL,78,116,5,398
COL,79,136,2,513
COL,80,168,3,685
COL,81,184,7,748
COL,82,203,14,920
COL,83,239,30,1013
COL,84,272,18,1164
COL,85,330,51,1317
COL,86,349,52,1526
COL,87,395,95,1806
COL,88,455,100,1796
COL,89,503,163,1955
COL,90,551,206,2146
COL,91,611,221,2173
COL,92,685,331,2310
COL,93,782,400,2310
COL,94,815,509,2350
COL,95,920,615,2250
COL,96,977,733,2347
COL,97,1037,813,2226
COL,98,1118,1047,2113
COL,99,1136,1226,1924
COL,100,1241,1385,1746
COL,101,1296,1486,1636
COL,102,1351,1735,1516
COL,103,1348,1884,1392
COL,104,1489,2104,1091
COL,105,1434,2147,1026
COL,106,1500,2282,830
COL,107,1630,2338,723
COL,108,1489,2454,583
COL,109,1560,2505,475
COL,110,1600,2463,345
COL,111,1582,2374,320
COL,112,1537,2263,251
COL,113,1512,2174,187
COL,114,1394,2005,142
COL,115,1360,1838,90
COL,116,1324,1669,83
COL,117,1302,1348,51
COL,118,1219,1237,33
COL,119,1200,1097,16
COL,120,1073,1001,20
COL,121,1052,778,11
COL,122,901,683,7
COL,123,801,525,5
COL,124,781,444,2
COL,125,654,314,2
COL,126,622,229,3
COL,127,528,178,3
COL,128,424,131,0
COL,129,423,84,0
COL,130,327,62,0
COL,131,290,49,0
COL,132,236,24,0
COL,133,209,16,0
COL,134,162,13,0
COL,135,128,17,0
COL,136,102,8,0
COL,137,95,2,0
COL,138,90,1,0
COL,139,54,3,0
COL,140,48,1,0
COL,141,31,0,0
COL,142,33,0,0
COL,143,17,0,0
COL,144,15,0,0
COL,145,10,0,0
COL,146,6,0,0
COL,147,6,0,0
COL,148,3,0,0
COL,149,3,0,0
COL,150,2,0,0
COL,151,1,0,0
DAL,49,1,0,0
DAL,50,0,0,0
DAL,51,2,0,0
DAL,52,0,0,0
DAL,53,1,0,0
DAL,54,1,0,0
DAL,55,2,0,0
DAL,56,0,0,0
DAL,57,0,0,0
DAL,58,4,0,0
DAL,59,11,0,0
DAL,60,6,0,1
DAL,61,8,0,2
DAL,62,9,0,2
DAL,63,11,0,3
DAL,64,13,0,3
DAL,65,21,0,7
DAL,66,20,0,12
DAL,67,34,0,20
DAL,68,30,0,31
DAL,69,45,0,43
DAL,70,66,0,53
DAL,71,72,2,75
DAL,72,83,0,85
DAL,73,100,1,139
DAL,74,110,0,163
DAL,75,133,5,231
DAL,76,142,11,278
DAL,77,193,5,339
DAL,78,220,24,462
DAL,79,258,12,534
DAL,80,252,28,654
DAL,81,303,39,787
DAL,82,377,62,945
DAL,83,434,90,1075
DAL,84,456,108,1217
DAL,85,522,141,1373
DAL,86,561,215,1609
DAL,87,632,250,1622
DAL,88,673,322,1879
DAL,89,778,410,1993
DAL,90,812,493,2054
DAL,91,880,617,2277
DAL,92,913,740,2267
DAL,93,978,851,2242
DAL,94,1118,1020,2301
DAL,95,1181,1179,2336
DAL,96,1200,1294,2273
DAL,97,1283,1543,2085
DAL,98,1343,1709,2103
DAL,99,1314,1783,1977
DAL,100,1371,2062,1817
DAL,101,1466,2169,1675
DAL,102,1476,2125,1403
DAL,103,1531,2316,1332
DAL,104,1555,2401,1074
DAL,105,1462,2363,1015
DAL,106,1485,2417,834
DAL,107,1429,2280,680
DAL,108,1495,2213,528
DAL,109,1456,2213,505
DAL,110,1355,2028,397
DAL,111,1385,1820,324
DAL,112,1370,1627,244
DAL,113,1261,1525,175
DAL,114,1202,1372,119
DAL,115,1195,1204,101
DAL,116,1087,974,71
DAL,117,1034,849,50
DAL,118,967,710,32
DAL,119,831,555,25
DAL,120,771,475,17
DAL,121,740,329,15
DAL,122,657,290,7
DAL,123,584,189,3
DAL,124,509,159,2
DAL,125,429,126,1
DAL,126,397,94,1
DAL,127,310,45,1
DAL,128,279,38,0
DAL,129,225,32,0
DAL,130,248,20,0
DAL,131,163,13,0
DAL,132,154,7,0
DAL,133,101,2,0
DAL,134,93,1,0
DAL,135,81,2,0
DAL,136,63,1,0
DAL,137,44,0,0
DAL,138,39,0,0
DAL,139,28,0,0
DAL,140,16,0,0
DAL,141,15,0,0
DAL,142,8,0,0
DAL,143,10,0,0
DAL,144,4,0,0
DAL,145,3,0,0
DAL,146,4,0,0
DAL,147,2,0,0
DAL,148,1,0,0
DAL,149,0,0,0
DAL,150,1,0,0
DAL,151,1,0,0
DAL,152,0,0,0
DAL,153,0,0,0
DAL,154,0,0,0
DAL,155,1,0,0
MIN,47,1,0,0
MIN,48,1,0,0
MIN,49,1,0,0
MIN,50,3,0,0
MIN,51,2,0,0
MIN,52,5,0,0
MIN,53,3,0,0
MIN,54,10,0,0
MIN,55,4,0,0
MIN,56,3,0,1
MIN,57,16,0,0
MIN,58,10,0,0
MIN,59,16,0,1
MIN,60,27,0,1
MIN,61,39,0,2
MIN,62,36,0,3
MIN,63,44,0,3
MIN,64,49,2,8
MIN,65,64,1,11
MIN,66,71,2,7
MIN,67,91,3,27
MIN,68,117,1,32
MIN,69,139,2,35
MIN,70,136,9,34
MIN,71,164,9,81
MIN,72,194,13,104
MIN,73,236,17,128
MIN,74,265,25,142
MIN,75,301,47,216
MIN,76,341,55,285
MIN,77,376,56,368
MIN,78,439,103,397
MIN,79,443,130,567
MIN,80,531,165,650
MIN,81,585,243,751
MIN,82,654,307,862
MIN,83,691,343,1024
MIN,84,729,470,1193
MIN,85,808,542,1327
MIN,86,909,660,1533
MIN,87,973,790,1691
MIN,88,1063,921,1827
MIN,89,1111,1084,2023
MIN,90,1161,1202,2078
MIN,91,1175,1373,2160
MIN,92,1240,1630,2261
MIN,93,1317,1704,2317
MIN,94,1351,1893,2311
MIN,95,1399,2069,2310
MIN,96,1421,2129,2256
MIN,97,1449,2301,2164
MIN,98,1497,2273,2107
MIN,99,1537,2308,1912
MIN,100,1552,2297,1761
MIN,101,1476,2371,1622
MIN,102,1452,2249,1561
MIN,103,1456,2219,1413
MIN,104,1391,2076,1174
MIN,105,1466,1901,1014
MIN,106,1333,1734,845
MIN,107,1285,1648,728
MIN,108,1255,1460,580
MIN,109,1213,1317,492
MIN,110,1077,1062,390
MIN,111,1012,977,312
MIN,112,987,811,234
MIN,113,904,709,162
MIN,114,872,509,133
MIN,115,826,452,104
MIN,116,707,330,100
MIN,117,630,254,51
MIN,118,531,183,34
MIN,119,512,143,25
MIN,120,410,128,18
MIN,121,407,77,13
MIN,122,349,79,11
MIN,123,295,44,5
MIN,124,254,32,2
MIN,125,178,24,1
MIN,126,190,9,1
MIN,127,127,8,3
MIN,128,118,2,1
MIN,129,117,6,0
MIN,130,85,4,0
MIN,131,66,2,0
MIN,132,53,1,0
MIN,133,35,0,0
MIN,134,41,0,0
MIN,135,25,0,0
MIN,136,17,0,0
MIN,137,12,0,0
MIN,138,10,0,0
MIN,139,3,0,0
MIN,140,6,0,0
MIN,141,4,0,0
MIN,142,0,0,0
MIN,143,6,0,0
MIN,144,1,0,0
MIN,145,1,0,0
MIN,146,3,0,0
MIN,147,2,0,0
NSH,29,1,0,0
NSH,30,0,0,0
NSH,31,0,0,0
NSH,32,0,0,0
NSH,33,0,0,0
NSH,34,0,0,0
NSH,35,0,0,0
NSH,36,0,0,0
NSH,37,1,0,0
NSH,38,1,0,0
NSH,39,1,0,0
NSH,40,0,0,0
NSH,41,2,0,0
NSH,42,2,0,0
NSH,43,4,0,0
NSH,44,10,0,0
NSH,45,2,0,0
NSH,46,2,0,0
NSH,47,11,0,0
NSH,48,7,0,0
NSH,49,16,0,0
NSH,50,27,0,0
NSH,51,16,0,0
NSH,52,39,0,0
NSH,53,26,0,0
NSH,54,56,1,0
NSH,55,50,0,0
NSH,56,88,1,0
NSH,57,84,0,0
NSH,58,97,1,0
NSH,59,112,3,1
NSH,60,139,6,2
NSH,61,163,7,1
NSH,62,181,11,1
NSH,63,219,17,3
NSH,64,253,20,6
NSH,65,283,37,8
NSH,66,347,53,9
NSH,67,355,70,19
NSH,68,436,118,20
NSH,69,460,141,39
NSH,70,525,165,53
NSH,71,557,238,77
NSH,72,577,250,110
NSH,73,693,328,128
NSH,74,738,420,186
NSH,75,853,526,200
NSH,76,886,635,290
NSH,77,934,778,341
NSH,78,1052,968,411
NSH,79,1066,1109,496
NSH,80,1159,1227,630
NSH,81,1204,1413,796
NSH,82,1223,1514,923
NSH,83,1264,1727,1113
NSH,84,1329,1844,1190
NSH,85,1410,2071,1339
NSH,86,1552,2085,1583
NSH,87,1471,2261,1734
NSH,88,1488,2269,1883
NSH,89,1432,2265,1998
NSH,90,1446,2325,2106
NSH,91,1445,2296,2246
NSH,92,1431,2274,2310
NSH,93,1394,2189,2233
NSH,94,1396,2067,2320
NSH,95,1377,1861,2246
NSH,96,1316,1804,2242
NSH,97,1284,1623,2171
NSH,98,1247,1459,2078
NSH,99,1148,1289,1948
NSH,100,1103,1079,1856
NSH,101,1029,983,1624
NSH,102,985,813,1487
NSH,103,948,715,1295
NSH,104,887,592,1090
NSH,105,793,502,941
NSH,106,719,370,874
NSH,107,682,275,686
NSH,108,550,248,597
NSH,109,530,197,462
NSH,110,473,149,417
NSH,111,447,75,294
NSH,112,323,77,238
NSH,113,313,43,181
NSH,114,285,38,123
NSH,115,275,27,114
NSH,116,208,19,58
NSH,117,193,11,57
NSH,118,152,7,46
NSH,119,158,3,22
NSH,120,121,5,12
NSH,121,78,1,9
NSH,122,61,2,11
NSH,123,53,0,5
NSH,124,46,0,3
NSH,125,47,1,0
NSH,126,40,1,4
NSH,127,23,0,1
NSH,128,26,0,0
NSH,129,17,0,1
NSH,130,13,0,1
NSH,131,8,1,0
NSH,132,6,0,0
NSH,133,6,0,1
NSH,134,3,0,0
NSH,135,1,0,0
NSH,136,5,0,0
NSH,137,3,0,0
NSH,138,0,0,0
NSH,139,0,0,0
NSH,140,0,0,0
NSH,141,0,0,0
NSH,142,1,0,0
NSH,143,0,0,0
NSH,144,0,0,0
NSH,145,0,0,0
NSH,146,0,0,0
NSH,147,0,0,0
NSH,148,0,0,0
NSH,149,0,0,0
NSH,150,1,0,0
STL,41,1,0,0
STL,42,2,0,0
STL,43,0,0,0
STL,44,0,0,0
STL,45,0,0,0
STL,46,0,0,0
STL,47,3,0,0
STL,48,2,0,0
STL,49,7,0,0
STL,50,1,0,0
STL,51,6,0,0
STL,52,13,0,0
STL,53,16,0,0
STL,54,20,0,0
STL,55,19,0,1
STL,56,35,0,0
STL,57,37,0,0
STL,58,36,2,0
STL,59,56,0,0
STL,60,68,0,1
STL,61,78,0,1
STL,62,86,1,0
STL,63,105,1,2
STL,64,132,7,6
STL,65,137,8,4
STL,66,184,7,11
STL,67,171,14,24
STL,68,251,22,28
STL,69,265,31,30
STL,70,321,32,47
STL,71,330,61,73
STL,72,394,92,97
STL,73,450,110,127
STL,74,503,143,164
STL,75,619,185,231
STL,76,598,222,264
STL,77,684,323,361
STL,78,655,354,409
STL,79,789,451,501
STL,80,827,573,634
STL,81,935,726,782
STL,82,955,821,912
STL,83,1073,1003,1054
STL,84,1110,1101,1189
STL,85,1156,1276,1276
STL,86,1234,1439,1510
STL,87,1236,1618,1745
STL,88,1262,1760,1828
STL,89,1395,1917,1998
STL,90,1408,1995,2111
STL,91,1409,2149,2186
STL,92,1420,2223,2216
STL,93,1446,2279,2334
STL,94,1474,2407,2280
STL,95,1509,2320,2418
STL,96,1434,2378,2245
STL,97,1465,2230,2139
STL,98,1521,2163,2090
STL,99,1380,2106,2017
STL,100,1346,1844,1827
STL,101,1260,1643,1628
STL,102,1304,1536,1422
STL,103,1214,1414,1344
STL,104,1176,1286,1176
STL,105,1085,1022,1044
STL,106,1034,961,840
STL,107,956,750,708
STL,108,850,663,610
STL,109,854,511,479
STL,110,718,451,376
STL,111,661,383,302
STL,112,641,253,245
STL,113,582,211,168
STL,114,476,153,155
STL,115,460,99,94
STL,116,396,85,74
STL,117,384,44,51
STL,118,306,40,34
STL,119,255,38,23
STL,120,238,19,19
STL,121,187,11,8
STL,122,175,11,9
STL,123,148,9,6
STL,124,122,5,5
STL,125,97,2,1
STL,126,66,1,3
STL,127,59,1,0
STL,128,47,1,1
STL,129,51,0,1
STL,130,27,2,1
STL,131,29,1,0
STL,132,15,0,0
STL,133,20,0,0
STL,134,7,0,0
STL,135,7,0,0
STL,136,5,0,0
STL,137,5,0,0
STL,138,3,0,0
STL,139,4,0,0
STL,140,2,0,0
STL,141,3,0,0
STL,142,0,0,0
STL,143,1,0,0
STL,144,0,0,0
STL,145,0,0,0
STL,146,1,0,0
UTA,44,2,0,0
UTA,45,2,0,0
UTA,46,5,0,0
UTA,47,1,0,0
UTA,48,4,0,0
UTA,49,5,0,0
UTA,50,8,0,0
UTA,51,10,0,0
UTA,52,10,0,0
UTA,53,14,0,0
UTA,54,18,0,0
UTA,55,17,0,0
UTA,56,24,0,0
UTA,57,32,0,0
UTA,58,40,0,0
UTA,59,48,1,1
UTA,60,59,2,0
UTA,61,61,0,1
UTA,62,69,0,5
UTA,63,81,4,5
UTA,64,104,4,3
UTA,65,125,2,7
UTA,66,186,12,20
UTA,67,197,11,8
UTA,68,225,15,31
UTA,69,262,34,38
UTA,70,307,35,39
UTA,71,332,42,65
UTA,72,342,54,92
UTA,73,385,83,108
UTA,74,482,114,158
UTA,75,499,141,216
UTA,76,531,172,258
UTA,77,621,262,326
UTA,78,679,320,379
UTA,79,747,397,490
UTA,80,805,480,638
UTA,81,919,619,767
UTA,82,935,707,927
UTA,83,1037,836,1038
UTA,84,1081,1030,1120
UTA,85,1126,1181,1383
UTA,86,1185,1362,1603
UTA,87,1239,1572,1716
UTA,88,1276,1647,1839
UTA,89,1358,1879,2037
UTA,90,1433,2041,2097
UTA,91,1439,2042,2211
UTA,92,1372,2253,2250
UTA,93,1369,2270,2277
UTA,94,1439,2374,2347
UTA,95,1544,2309,2371
UTA,96,1508,2379,2243
UTA,97,1463,2261,2262
UTA,98,1388,2265,2149
UTA,99,1380,2105,1879
UTA,100,1326,1975,1862
UTA,101,1442,1851,1673
UTA,102,1334,1643,1443
UTA,103,1294,1532,1286
UTA,104,1236,1340,1121
UTA,105,1129,1180,1025
UTA,106,1065,985,837
UTA,107,1016,836,724
UTA,108,891,730,608
UTA,109,866,612,469
UTA,110,776,471,357
UTA,111,689,362,311
UTA,112,660,306,230
UTA,113,613,254,178
UTA,114,546,166,131
UTA,115,502,134,93
UTA,116,416,88,88
UTA,117,357,64,52
UTA,118,326,37,36
UTA,119,256,39,19
UTA,120,239,26,19
UTA,121,211,22,12
UTA,122,203,13,7
UTA,123,161,2,2
UTA,124,131,6,8
UTA,125,96,2,2
UTA,126,81,1,0
UTA,127,50,4,1
UTA,128,53,1,2
UTA,129,48,0,0
UTA,130,46,0,0
UTA,131,26,1,0
UTA,132,23,0,0
UTA,133,16,0,0
UTA,134,10,0,0
UTA,135,4,0,0
UTA,136,9,0,0
UTA,137,8,0,0
UTA,138,7,0,0
UTA,139,0,0,0
UTA,140,3,0,0
UTA,141,1,0,0
UTA,142,2,0,0
UTA,143,0,0,0
UTA,144,1,0,0
UTA,145,0,0,0
UTA,146,0,0,0
UTA,147,1,0,0
WPG,39,1,0,0
WPG,40,1,0,0
WPG,41,1,0,0
WPG,42,1,0,0
WPG,43,3,0,0
WPG,44,3,0,0
WPG,45,2,0,0
WPG,46,1,0,0
WPG,47,3,0,0
WPG,48,3,0,0
WPG,49,6,0,0
WPG,50,15,0,0
WPG,51,22,0,0
WPG,52,23,0,1
WPG,53,29,1,0
WPG,54,39,0,0
WPG,55,34,0,0
WPG,56,40,1,0
WPG,57,57,2,1
WPG,58,77,0,0
WPG,59,82,1,1
WPG,60,106,2,1
WPG,61,121,2,1
WPG,62,149,2,2
WPG,63,180,7,5
WPG,64,189,11,3
WPG,65,202,8,6
WPG,66,237,19,8
WPG,67,279,38,20
WPG,68,329,59,29
WPG,69,338,67,45
WPG,70,418,101,60
WPG,71,435,131,72
WPG,72,489,148,99
WPG,73,564,221,111
WPG,74,645,269,161
WPG,75,684,320,226
WPG,76,733,418,278
WPG,77,842,522,386
WPG,78,869,621,478
WPG,79,933,784,538
WPG,80,1047,867,619
WPG,81,1084,1009,812
WPG,82,1135,1163,926
WPG,83,1249,1403,1053
WPG,84,1201,1529,1141
WPG,85,1258,1565,1453
WPG,86,1308,1852,1529
WPG,87,1352,1954,1642
WPG,88,1398,2013,1849
WPG,89,1386,2131,1946
WPG,90,1422,2243,2034
WPG,91,1470,2321,2219
WPG,92,1432,2356,2230
WPG,93,1440,2346,2353
WPG,94,1427,2252,2249
WPG,95,1518,2134,2373
WPG,96,1369,2057,2218
WPG,97,1365,2005,2223
WPG,98,1288,1846,2031
WPG,99,1271,1629,2002
WPG,100,1270,1585,1798
WPG,101,1187,1354,1646
WPG,102,1091,1200,1476
WPG,103,1126,1073,1343
WPG,104,1042,832,1133
WPG,105,928,733,1023
WPG,106,883,638,835
WPG,107,802,526,727
WPG,108,770,388,558
WPG,109,699,342,478
WPG,110,561,241,367
WPG,111,549,177,336
WPG,112,536,142,245
WPG,113,365,106,179
WPG,114,390,75,120
WPG,115,359,53,93
WPG,116,288,35,66
WPG,117,258,22,45
WPG,118,235,17,28
WPG,119,176,9,27
WPG,120,171,8,17
WPG,121,127,4,5
WPG,122,109,3,5
WPG,123,102,4,8
WPG,124,85,1,1
WPG,125,78,1,4
WPG,126,43,0,2
WPG,127,43,1,0
WPG,128,34,0,1
WPG,129,18,0,0
WPG,130,16,0,0
WPG,131,17,0,0
WPG,132,9,0,0
WPG,133,10,0,0
WPG,134,6,0,0
WPG,135,3,0,0
WPG,136,3,0,0
WPG,137,4,0,0
WPG,138,0,0,0
WPG,139,2,0,0
ANA,28,1,0,0
ANA,29,0,0,0
ANA,30,0,0,0
ANA,31,0,0,0
ANA,32,0,0,0
ANA,33,0,0,0
ANA,34,0,0,0
ANA,35,1,0,0
ANA,36,1,0,0
ANA,37,0,0,0
ANA,38,1,0,0
ANA,39,2,0,0
ANA,40,1,0,0
ANA,41,0,0,0
ANA,42,0,0,0
ANA,43,2,0,0
ANA,44,7,0,0
ANA,45,1,0,0
ANA,46,6,0,0
ANA,47,7,0,0
ANA,48,6,0,0
ANA,49,11,0,0
ANA,50,9,0,0
ANA,51,11,0,0
ANA,52,23,1,0
ANA,53,21,0,0
ANA,54,31,0,0
ANA,55,35,0,0
ANA,56,45,0,1
ANA,57,41,0,1
ANA,58,57,2,0
ANA,59,89,1,1
ANA,60,102,3,1
ANA,61,104,1,0
ANA,62,129,4,2
ANA,63,128,6,2
ANA,64,200,8,9
ANA,65,215,10,6
ANA,66,274,18,5
ANA,67,294,21,14
ANA,68,295,38,23
ANA,69,352,59,40
ANA,70,393,92,48
ANA,71,482,121,72
ANA,72,518,151,90
ANA,73,503,190,118
ANA,74,625,233,146
ANA,75,704,329,200
ANA,76,719,389,267
ANA,77,808,478,342
ANA,78,947,589,425
ANA,79,937,756,529
ANA,80,996,907,681
ANA,81,1095,1109,772
ANA,82,1125,1181,973
ANA,83,1159,1350,1040
ANA,84,1236,1453,1228
ANA,85,1286,1622,1409
ANA,86,1289,1882,1562
ANA,87,1319,1892,1732
ANA,88,1383,2083,1876
ANA,89,1449,2213,1970
ANA,90,1457,2353,2115
ANA,91,1465,2351,2207
ANA,92,1481,2300,2272
ANA,93,1477,2315,2356
ANA,94,1500,2287,2413
ANA,95,1429,2142,2244
ANA,96,1401,2075,2169
ANA,97,1330,1992,2171
ANA,98,1316,1849,2009
ANA,99,1236,1705,2011
ANA,100,1234,1501,1777
ANA,101,1146,1411,1613
ANA,102,1192,1163,1478
ANA,103,1116,1012,1267
ANA,104,1003,848,1115
ANA,105,943,739,996
ANA,106,867,566,885
ANA,107,800,524,689
ANA,108,819,412,575
ANA,109,693,345,497
ANA,110,641,233,392
ANA,111,524,161,279
ANA,112,488,164,251
ANA,113,474,113,163
ANA,114,399,70,123
ANA,115,306,64,100
ANA,116,277,39,82
ANA,117,252,28,58
ANA,118,233,19,37
ANA,119,189,13,29
ANA,120,157,7,19
ANA,121,140,3,9
ANA,122,116,1,5
ANA,123,63,1,4
ANA,124,83,1,3
ANA,125,47,0,1
ANA,126,46,0,0
ANA,127,43,0,0
ANA,128,33,1,0
ANA,129,28,0,1
ANA,130,14,0,0
ANA,131,19,0,0
ANA,132,12,0,0
ANA,133,9,0,0
ANA,134,8,0,0
ANA,135,8,0,0
ANA,136,4,0,0
ANA,137,3,0,0
ANA,138,2,0,0
ANA,139,1,0,0
ANA,140,0,0,0
ANA,141,1,0,0
CGY,31,1,0,0
CGY,32,0,0,0
CGY,33,0,0,0
CGY,34,1,0,0
CGY,35,1,0,0
CGY,36,1,0,0
CGY,37,1,0,0
CGY,38,3,0,0
CGY,39,1,0,0
CGY,40,1,0,0
CGY,41,1,0,0
CGY,42,2,0,0
CGY,43,3,0,0
CGY,44,4,0,0
CGY,45,6,1,0
CGY,46,8,0,0
CGY,47,17,0,0
CGY,48,13,0,0
CGY,49,20,0,1
CGY,50,27,0,0
CGY,51,28,0,0
CGY,52,32,0,0
CGY,53,44,1,0
CGY,54,67,1,0
CGY,55,71,0,0
CGY,56,73,4,0
CGY,57,99,4,0
CGY,58,115,4,2
CGY,59,143,8,2
CGY,60,192,6,1
CGY,61,201,10,3
CGY,62,248,23,2
CGY,63,251,29,3
CGY,64,271,35,9
CGY,65,311,53,3
CGY,66,370,74,21
CGY,67,407,100,22
CGY,68,525,131,30
CGY,69,515,174,21
CGY,70,574,237,53
CGY,71,619,282,49
CGY,72,710,385,90
CGY,73,754,421,128
CGY,74,819,537,166
CGY,75,928,636,212
CGY,76,971,794,281
CGY,77,986,932,344
CGY,78,1047,1098,419
CGY,79,1113,1283,550
CGY,80,1221,1415,633
CGY,81,1235,1622,779
CGY,82,1303,1700,887
CGY,83,1343,1884,993
CGY,84,1391,1976,1286
CGY,85,1403,2190,1326
CGY,86,1509,2178,1505
CGY,87,1464,2319,1747
CGY,88,1444,2291,1857
CGY,89,1504,2262,1962
CGY,90,1437,2333,2049
CGY,91,1435,2303,2180
CGY,92,1386,2064,2296
CGY,93,1435,2054,2316
CGY,94,1293,1971,2299
CGY,95,1332,1767,2408
CGY,96,1305,1689,2270
CGY,97,1227,1407,2167
CGY,98,1159,1223,2096
CGY,99,1088,1122,1922
CGY,100,1061,914,1755
CGY,101,954,838,1722
CGY,102,917,714,1519
CGY,103,850,544,1344
CGY,104,761,458,1114
CGY,105,753,385,1051
CGY,106,712,307,848
CGY,107,586,215,684
CGY,108,502,167,555
CGY,109,481,118,456
CGY,110,392,92,415
CGY,111,399,70,291
CGY,112,366,49,223
CGY,113,277,34,176
CGY,114,241,21,137
CGY,115,199,9,98
CGY,116,201,13,78
CGY,117,154,6,44
CGY,118,123,3,27
CGY,119,108,3,22
CGY,120,108,2,20
CGY,121,86,2,14
CGY,122,41,1,7
CGY,123,51,2,1
CGY,124,38,0,2
CGY,125,30,0,2
CGY,126,27,0,2
CGY,127,17,0,1
CGY,128,15,0,2
CGY,129,7,0,0
CGY,130,11,0,0
CGY,131,9,0,0
CGY,132,4,0,0
CGY,133,2,0,0
CGY,134,3,0,0
CGY,135,1,0,0
CGY,136,1,0,0
CGY,137,1,0,0
CGY,138,0,0,0
CGY,139,0,0,0
CGY,140,0,0,0
CGY,141,1,0,0
CGY,142,0,0,0
CGY,143,1,0,0
EDM,39,1,0,0
EDM,40,0,0,0
EDM,41,0,0,0
EDM,42,3,0,0
EDM,43,1,0,0
EDM,44,1,0,0
EDM,45,1,0,0
EDM,46,0,0,0
EDM,47,1,0,0
EDM,48,3,0,0
EDM,49,1,0,0
EDM,50,1,0,0
EDM,51,6,0,0
EDM,52,2,0,0
EDM,53,8,0,0
EDM,54,12,0,0
EDM,55,13,0,0
EDM,56,15,0,0
EDM,57,20,0,0
EDM,58,22,0,2
EDM,59,31,0,0
EDM,60,30,0,0
EDM,61,55,0,2
EDM,62,60,0,2
EDM,63,79,1,0
EDM,64,66,0,8
EDM,65,90,1,12
EDM,66,109,1,9
EDM,67,132,5,14
EDM,68,160,4,32
EDM,69,207,16,38
EDM,70,198,15,54
EDM,71,267,30,68
EDM,72,304,29,109
EDM,73,318,55,130
EDM,74,360,77,159
EDM,75,418,90,208
EDM,76,452,108,260
EDM,77,513,136,320
EDM,78,633,213,451
EDM,79,630,225,553
EDM,80,651,335,641
EDM,81,742,421,748
EDM,82,841,560,900
EDM,83,874,604,1090
EDM,84,972,724,1223
EDM,85,1070,858,1344
EDM,86,1083,1044,1481
EDM,87,1161,1174,1750
EDM,88,1132,1412,1855
EDM,89,1216,1503,2057
EDM,90,1335,1676,2180
EDM,91,1397,1855,2103
EDM,92,1402,1994,2263
EDM,93,1412,2123,2319
EDM,94,1429,2267,2460
EDM,95,1477,2299,2300
EDM,96,1495,2370,2222
EDM,97,1468,2335,2173
EDM,98,1503,2339,2067
EDM,99,1411,2304,1937
EDM,100,1428,2205,1802
EDM,101,1388,1996,1698
EDM,102,1401,2005,1483
EDM,103,1389,1773,1235
EDM,104,1311,1723,1181
EDM,105,1202,1569,957
EDM,106,1224,1336,817
EDM,107,1125,1137,687
EDM,108,1048,980,587
EDM,109,976,833,482
EDM,110,973,676,356
EDM,111,880,581,295
EDM,112,778,478,229
EDM,113,764,384,183
EDM,114,621,281,130
EDM,115,609,251,100
EDM,116,486,160,68
EDM,117,442,113,46
EDM,118,447,94,36
EDM,119,354,65,31
EDM,120,320,50,16
EDM,121,273,33,11
EDM,122,229,21,10
EDM,123,174,19,3
EDM,124,148,10,4
EDM,125,152,10,5
EDM,126,95,7,2
EDM,127,90,3,2
EDM,128,79,1,0
EDM,129,57,3,0
EDM,130,53,0,0
EDM,131,40,0,0
EDM,132,30,0,0
EDM,133,37,0,0
EDM,134,17,0,0
EDM,135,18,0,0
EDM,136,22,0,0
EDM,137,15,0,0
EDM,138,2,0,0
EDM,139,4,0,0
EDM,140,2,0,0
EDM,141,1,0,0
EDM,142,1,0,0
EDM,143,0,0,0
EDM,144,1,0,0
LAK,34,1,0,0
LAK,35,0,0,0
LAK,36,2,0,0
LAK,37,0,0,0
LAK,38,1,0,0
LAK,39,1,0,0
LAK,40,1,0,0
LAK,41,1,0,0
LAK,42,2,0,0
LAK,43,3,0,0
LAK,44,1,0,0
LAK,45,3,0,0
LAK,46,5,0,0
LAK,47,6,0,0
LAK,48,13,0,0
LAK,49,6,0,0
LAK,50,20,0,0
LAK,51,24,0,0
LAK,52,31,0,0
LAK,53,18,0,0
LAK,54,54,0,0
LAK,55,54,0,0
LAK,56,52,0,0
LAK,57,68,1,0
LAK,58,68,2,0
LAK,59,92,2,0
LAK,60,124,3,0
LAK,61,139,11,4
LAK,62,179,8,3
LAK,63,207,9,3
LAK,64,203,17,3
LAK,65,251,31,13
LAK,66,314,41,18
LAK,67,350,64,16
LAK,68,367,75,31
LAK,69,428,92,37
LAK,70,482,118,50
LAK,71,560,176,69
LAK,72,616,205,104
LAK,73,681,337,113
LAK,74,712,345,170
LAK,75,790,485,220
LAK,76,885,540,274
LAK,77,900,710,353
LAK,78,918,788,456
LAK,79,1009,948,547
LAK,80,1075,1062,635
LAK,81,1148,1241,799
LAK,82,1178,1417,937
LAK,83,1220,1511,1017
LAK,84,1301,1766,1233
LAK,85,1323,1858,1348
LAK,86,1390,2075,1551
LAK,87,1468,2096,1755
LAK,88,1439,2327,1836
LAK,89,1485,2237,2038
LAK,90,1509,2263,2224
LAK,91,1506,2290,2095
LAK,92,1482,2342,2242
LAK,93,1408,2221,2330
LAK,94,1452,2138,2296
LAK,95,1320,2023,2339
LAK,96,1335,1953,2204
LAK,97,1274,1752,2155
LAK,98,1247,1504,2035
LAK,99,1189,1472,1889
LAK,100,1213,1252,1745
LAK,101,1101,1157,1660
LAK,102,1011,950,1503
LAK,103,974,875,1304
LAK,104,892,683,1131
LAK,105,813,545,966
LAK,106,791,479,878
LAK,107,732,359,687
LAK,108,635,286,599
LAK,109,599,214,493
LAK,110,540,195,403
LAK,111,487,123,319
LAK,112,422,83,228
LAK,113,369,65,173
LAK,114,311,57,126
LAK,115,280,48,90
LAK,116,267,30,84
LAK,117,225,18,49
LAK,118,188,10,32
LAK,119,145,7,33
LAK,120,122,3,20
LAK,121,88,0,17
LAK,122,86,3,9
LAK,123,69,0,4
LAK,124,44,1,3
LAK,125,49,0,0
LAK,126,40,1,1
LAK,127,31,0,0
LAK,128,24,0,0
LAK,129,17,0,1
LAK,130,12,0,0
LAK,131,13,0,0
LAK,132,4,0,0
LAK,133,5,0,0
LAK,134,4,0,0
LAK,135,2,0,0
LAK,136,2,0,0
LAK,137,0,0,0
LAK,138,0,0,0
LAK,139,1,0,0
LAK,140,0,0,0
LAK,141,0,0,0
LAK,142,1,0,0
SEA,30,1,0,0
SEA,31,0,0,0
SEA,32,0,0,0
SEA,33,0,0,0
SEA,34,0,0,0
SEA,35,0,0,0
SEA,36,4,0,0
SEA,37,1,0,0
SEA,38,0,0,0
SEA,39,3,0,0
SEA,40,3,0,0
SEA,41,7,0,0
SEA,42,6,0,0
SEA,43,14,0,0
SEA,44,20,0,0
SEA,45,14,0,0
SEA,46,22,0,0
SEA,47,32,0,0
SEA,48,35,0,0
SEA,49,52,0,0
SEA,50,52,0,0
SEA,51,72,0,0
SEA,52,86,2,0
SEA,53,117,4,0
SEA,54,123,5,0
SEA,55,143,4,0
SEA,56,176,8,0
SEA,57,203,10,0
SEA,58,231,23,0
SEA,59,264,29,1
SEA,60,320,40,0
SEA,61,380,57,1
SEA,62,387,73,1
SEA,63,419,83,7
SEA,64,508,136,4
SEA,65,523,171,8
SEA,66,600,266,17
SEA,67,701,326,12
SEA,68,733,385,22
SEA,69,789,496,29
SEA,70,874,560,42
SEA,71,966,660,77
SEA,72,1006,882,106
SEA,73,1003,1005,123
SEA,74,1116,1179,165
SEA,75,1137,1335,192
SEA,76,1260,1472,267
SEA,77,1256,1615,351
SEA,78,1373,1782,454
SEA,79,1328,1906,535
SEA,80,1393,2087,654
SEA,81,1329,2229,831
SEA,82,1395,2112,919
SEA,83,1449,2259,1090
SEA,84,1433,2331,1174
SEA,85,1421,2262,1427
SEA,86,1431,2320,1525
SEA,87,1327,2148,1734
SEA,88,1448,2078,1834
SEA,89,1422,2008,2016
SEA,90,1353,1827,2111
SEA,91,1284,1749,2154
SEA,92,1322,1615,2229
SEA,93,1219,1394,2306
SEA,94,1123,1264,2287
SEA,95,1037,1062,2282
SEA,96,1028,914,2232
SEA,97,883,791,2163
SEA,98,923,646,2002
SEA,99,836,524,1977
SEA,100,735,402,1837
SEA,101,660,369,1674
SEA,102,628,295,1487
SEA,103,562,226,1328
SEA,104,568,149,1182
SEA,105,490,122,972
SEA,106,398,85,832
SEA,107,388,73,737
SEA,108,356,41,564
SEA,109,287,28,501
SEA,110,259,30,375
SEA,111,228,16,292
SEA,112,173,12,219
SEA,113,176,7,173
SEA,114,121,3,137
SEA,115,112,3,102
SEA,116,80,2,73
SEA,117,69,1,52
SEA,118,54,1,39
SEA,119,48,0,20
SEA,120,35,0,14
SEA,121,31,1,9
SEA,122,39,0,6
SEA,123,15,0,7
SEA,124,16,0,2
SEA,125,11,0,1
SEA,126,8,0,1
SEA,127,15,0,0
SEA,128,4,0,1
SEA,129,5,0,0
SEA,130,2,0,1
SEA,131,2,0,1
SEA,132,4,0,0
SEA,133,1,0,0
SEA,134,1,0,0
SEA,135,1,0,0
SEA,136,1,0,0
SEA,137,0,0,0
SEA,138,1,0,0
SJS,34,1,0,0
SJS,35,1,0,0
SJS,36,1,0,0
SJS,37,0,0,0
SJS,38,1,0,0
SJS,39,4,0,0
SJS,40,4,0,0
SJS,41,4,0,0
SJS,42,10,0,0
SJS,43,9,0,0
SJS,44,15,0,0
SJS,45,15,0,0
SJS,46,32,0,0
SJS,47,29,0,0
SJS,48,35,0,0
SJS,49,48,0,0
SJS,50,48,1,0
SJS,51,57,0,0
SJS,52,64,0,0
SJS,53,85,4,0
SJS,54,86,3,0
SJS,55,136,7,0
SJS,56,163,7,0
SJS,57,195,10,0
SJS,58,187,20,1
SJS,59,215,20,1
SJS,60,265,28,1
SJS,61,319,40,0
SJS,62,337,65,6
SJS,63,397,89,4
SJS,64,433,120,2
SJS,65,524,136,9
SJS,66,551,194,15
SJS,67,635,240,22
SJS,68,679,303,31
SJS,69,706,411,37
SJS,70,799,477,49
SJS,71,833,582,78
SJS,72,902,695,95
SJS,73,987,872,111
SJS,74,1073,953,144
SJS,75,1078,1090,231
SJS,76,1129,1352,250
SJS,77,1256,1408,341
SJS,78,1258,1663,472
SJS,79,1277,1861,539
SJS,80,1332,1837,613
SJS,81,1394,1993,724
SJS,82,1430,2203,892
SJS,83,1474,2289,999
SJS,84,1409,2326,1171
SJS,85,1501,2365,1405
SJS,86,1522,2458,1553
SJS,87,1436,2275,1680
SJS,88,1399,2217,1805
SJS,89,1410,2065,2069
SJS,90,1426,1986,2154
SJS,91,1343,1875,2154
SJS,92,1288,1719,2273
SJS,93,1305,1599,2329
SJS,94,1271,1333,2294
SJS,95,1053,1203,2348
SJS,96,1094,982,2290
SJS,97,996,905,2241
SJS,98,939,795,2067
SJS,99,905,627,1908
SJS,100,866,537,1869
SJS,101,705,413,1623
SJS,102,712,342,1424
SJS,103,618,292,1304
SJS,104,572,189,1176
SJS,105,488,128,1019
SJS,106,452,91,818
SJS,107,403,106,758
SJS,108,352,44,591
SJS,109,302,56,467
SJS,110,280,33,399
SJS,111,238,21,282
SJS,112,225,10,220
SJS,113,175,12,179
SJS,114,167,8,139
SJS,115,122,9,94
SJS,116,99,0,68
SJS,117,92,4,47
SJS,118,68,1,28
SJS,119,57,0,31
SJS,120,35,1,14
SJS,121,31,0,13
SJS,122,37,0,9
SJS,123,27,0,11
SJS,124,19,0,4
SJS,125,7,0,1
SJS,126,8,0,2
SJS,127,10,0,1
SJS,128,11,0,0
SJS,129,3,0,0
SJS,130,0,0,1
SJS,131,4,0,0
SJS,132,3,0,0
SJS,133,0,0,0
SJS,134,0,0,0
SJS,135,0,0,0
SJS,136,0,0,0
SJS,137,0,0,0
SJS,138,1,0,0
SJS,139,0,0,0
SJS,140,0,0,0
SJS,141,0,0,0
SJS,142,1,0,0
VAN,27,1,0,0
VAN,28,0,0,0
VAN,29,2,0,0
VAN,30,0,0,0
VAN,31,1,0,0
VAN,32,2,0,0
VAN,33,4,0,0
VAN,34,4,0,0
VAN,35,4,0,0
VAN,36,7,0,0
VAN,37,9,0,0
VAN,38,17,0,0
VAN,39,18,1,0
VAN,40,25,0,0
VAN,41,34,0,0
VAN,42,43,0,0
VAN,43,49,1,0
VAN,44,63,0,0
VAN,45,74,4,0
VAN,46,111,4,0
VAN,47,107,4,0
VAN,48,142,5,0
VAN,49,168,11,0
VAN,50,188,8,0
VAN,51,217,19,0
VAN,52,239,30,0
VAN,53,261,36,0
VAN,54,350,51,0
VAN,55,383,78,0
VAN,56,414,99,1
VAN,57,482,132,0
VAN,58,531,189,0
VAN,59,598,228,0
VAN,60,632,274,0
VAN,61,738,444,1
VAN,62,769,492,4
VAN,63,900,598,5
VAN,64,932,698,6
VAN,65,1007,797,11
VAN,66,1072,976,12
VAN,67,1181,1177,19
VAN,68,1162,1355,30
VAN,69,1239,1548,32
VAN,70,1274,1629,44
VAN,71,1371,1854,66
VAN,72,1370,1953,90
VAN,73,1415,2064,132
VAN,74,1386,2280,162
VAN,75,1457,2208,217
VAN,76,1462,2251,257
VAN,77,1463,2333,322
VAN,78,1525,2352,430
VAN,79,1485,2298,535
VAN,80,1453,2220,616
VAN,81,1366,2092,733
VAN,82,1406,1960,880
VAN,83,1319,1779,1085
VAN,84,1241,1710,1153
VAN,85,1255,1555,1456
VAN,86,1166,1358,1571
VAN,87,1160,1185,1693
VAN,88,1107,1044,1799
VAN,89,983,852,2030
VAN,90,909,763,2116
VAN,91,868,601,2191
VAN,92,808,572,2294
VAN,93,718,424,2230
VAN,94,719,320,2322
VAN,95,654,290,2333
VAN,96,569,194,2229
VAN,97,514,152,2185
VAN,98,461,131,2053
VAN,99,416,94,1988
VAN,100,358,63,1817
VAN,101,327,52,1678
VAN,102,288,35,1475
VAN,103,232,25,1273
VAN,104,226,13,1185
VAN,105,182,12,939
VAN,106,139,6,859
VAN,107,151,5,725
VAN,108,97,6,559
VAN,109,88,0,515
VAN,110,104,2,398
VAN,111,62,2,285
VAN,112,53,0,262
VAN,113,49,0,173
VAN,114,37,0,130
VAN,115,23,1,130
VAN,116,22,0,81
VAN,117,24,0,55
VAN,118,11,0,37
VAN,119,7,0,33
VAN,120,9,0,23
VAN,121,9,1,16
VAN,122,5,0,3
VAN,123,5,0,6
VAN,124,4,0,3
VAN,125,4,0,1
VAN,126,1,0,2
VAN,127,0,0,0
VAN,128,2,0,0
VAN,129,0,0,2
VAN,130,0,0,0
VAN,131,0,0,1
VAN,132,0,0,1
VAN,133,0,0,0
VAN,134,0,0,0
VAN,135,1,0,0
VGK,41,1,0,0
VGK,42,1,0,0
VGK,43,0,0,0
VGK,44,2,0,0
VGK,45,2,0,0
VGK,46,2,0,0
VGK,47,7,0,0
VGK,48,4,0,0
VGK,49,4,0,0
VGK,50,12,0,0
VGK,51,13,0,0
VGK,52,9,0,0
VGK,53,9,0,0
VGK,54,14,0,0
VGK,55,26,0,1
VGK,56,28,0,1
VGK,57,21,0,0
VGK,58,38,1,0
VGK,59,52,0,0
VGK,60,64,2,0
VGK,61,75,1,2
VGK,62,93,0,4
VGK,63,99,3,4
VGK,64,98,1,4
VGK,65,139,7,6
VGK,66,158,5,10
VGK,67,174,16,19
VGK,68,210,16,29
VGK,69,258,24,27
VGK,70,289,36,48
VGK,71,326,45,67
VGK,72,369,74,93
VGK,73,439,74,130
VGK,74,470,129,175
VGK,75,525,169,198
VGK,76,592,194,280
VGK,77,618,236,345
VGK,78,735,361,483
VGK,79,748,422,510
VGK,80,831,549,640
VGK,81,907,603,727
VGK,82,947,775,904
VGK,83,964,937,1042
VGK,84,1105,1047,1208
VGK,85,1164,1254,1361
VGK,86,1169,1322,1590
VGK,87,1242,1514,1673
VGK,88,1333,1708,1852
VGK,89,1337,1858,1954
VGK,90,1351,1972,2091
VGK,91,1429,2079,2243
VGK,92,1424,2255,2309
VGK,93,1476,2297,2289
VGK,94,1475,2357,2324
VGK,95,1533,2401,2364
VGK,96,1459,2321,2262
VGK,97,1479,2369,2245
VGK,98,1404,2221,2172
VGK,99,1394,2104,1903
VGK,100,1375,2003,1840
VGK,101,1259,1787,1549
VGK,102,1345,1571,1465
VGK,103,1242,1466,1332
VGK,104,1203,1264,1166
VGK,105,1131,1134,967
VGK,106,1030,942,802
VGK,107,972,789,702
VGK,108,919,684,571
VGK,109,835,618,461
VGK,110,784,480,369
VGK,111,749,389,304
VGK,112,663,289,239
VGK,113,613,216,153
VGK,114,498,169,137
VGK,115,458,122,102
VGK,116,420,88,86
VGK,117,390,65,54
VGK,118,317,49,33
VGK,119,281,41,24
VGK,120,252,30,19
VGK,121,210,14,15
VGK,122,171,11,7
VGK,123,144,9,7
VGK,124,112,1,3
VGK,125,95,6,0
VGK,126,86,1,3
VGK,127,74,1,0
VGK,128,58,0,1
VGK,129,37,1,0
VGK,130,46,0,0
VGK,131,21,1,0
VGK,132,21,0,0
VGK,133,11,0,0
VGK,134,2,0,0
VGK,135,7,0,0
VGK,136,12,0,0
VGK,137,3,0,0
VGK,138,1,0,0
VGK,139,2,0,0
VGK,140,0,0,0
VGK,141,1,0,0
VGK,142,0,0,0
VGK,143,0,0,0
VGK,144,2,0,0
VGK,145,1,0,0
