lineage_id,team,nhl_team_id,conference,division,rating,points_mean,points_sd,points_p05,points_p10,points_p25,points_p50,points_p75,points_p90,points_p95,w_mean,l_mean,otl_mean,rw_mean,row_mean,make_playoffs,division_1,division_2,division_3,wild_card_1,wild_card_2,first_in_conference,presidents_trophy
6,BOS,6,E,A,1509.7025,94.90028,13.26130,73,78,86,95,104,112,116,42.79120,31.89092,9.31788,33.35522,39.70380,0.48868,0.08924,0.11220,0.12832,0.08116,0.07776,0.04470,0.02312
19,BUF,7,E,A,1542.3894,102.54140,13.02423,81,86,94,103,112,119,124,46.83110,28.28970,8.87920,37.16926,43.77234,0.71132,0.22200,0.18050,0.15592,0.08246,0.07044,0.12986,0.07498
12,DET,17,E,A,1491.1622,90.44628,13.49461,68,73,81,91,100,108,113,40.49872,34.05244,9.44884,31.23730,37.39222,0.35676,0.05098,0.07574,0.09290,0.06508,0.07206,0.02452,0.01194
33,FLA,13,E,A,1502.3069,93.13232,13.33996,71,76,84,93,102,110,115,41.87386,32.74154,9.38460,32.50306,38.77322,0.43448,0.07226,0.09624,0.11422,0.07612,0.07564,0.03508,0.01784
1,MTL,8,E,A,1532.1819,100.24138,13.12530,78,83,91,100,109,117,121,45.59656,29.35518,9.04826,35.98800,42.51642,0.64520,0.17268,0.16504,0.14666,0.08568,0.07514,0.09784,0.05436
30,OTT,9,E,A,1523.8346,98.37096,13.14045,76,81,89,99,107,115,120,44.60416,30.23320,9.16264,35.04340,41.51668,0.59122,0.13712,0.14468,0.14496,0.08638,0.07808,0.07452,0.04102
31,TBL,14,E,A,1543.2239,102.74232,13.05405,81,86,94,103,112,119,124,46.93168,28.18936,8.87896,37.25736,43.87444,0.71512,0.22956,0.18084,0.15440,0.07996,0.07036,0.13352,0.07862
5,TOR,10,E,A,1471.5008,85.76084,13.47664,64,68,76,86,95,103,108,38.07188,36.31104,9.61708,29.07222,35.00114,0.23776,0.02616,0.04476,0.06262,0.04858,0.05564,0.01144,0.00510
26,CAR,12,E,M,1557.3969,106.23260,12.87928,85,89,98,107,115,123,127,48.78300,26.55040,8.66660,39.07328,45.75566,0.80824,0.38264,0.20618,0.13758,0.04272,0.03912,0.19960,0.12278
36,CBJ,29,E,M,1493.8629,91.44716,13.40107,69,74,82,92,101,109,113,40.98828,33.54112,9.47060,31.70366,37.88676,0.39840,0.07428,0.10312,0.11590,0.04932,0.05578,0.02858,0.01354
23,NJD,1,E,M,1499.3772,92.65940,13.46545,70,75,84,93,102,110,115,41.62010,32.96070,9.41920,32.28168,38.52494,0.43866,0.08588,0.11456,0.12872,0.05232,0.05718,0.03418,0.01706
22,NYI,2,E,M,1497.7819,92.32758,13.44782,70,75,83,92,102,110,114,41.45962,33.13204,9.40834,32.09586,38.35046,0.42474,0.08226,0.11194,0.12438,0.05144,0.05472,0.03326,0.01618
10,NYR,3,E,M,1473.0095,86.30102,13.46161,64,69,77,86,96,104,108,38.33978,36.03876,9.62146,29.30924,35.27226,0.26252,0.03668,0.06044,0.08160,0.03810,0.04570,0.01156,0.00510
16,PHI,4,E,M,1506.5774,94.47126,13.25875,72,77,85,95,104,112,116,42.56036,32.08910,9.35054,33.15896,39.47206,0.49096,0.10694,0.13260,0.13898,0.05440,0.05804,0.04304,0.02214
17,PIT,5,E,M,1495.4146,91.68676,13.43045,69,74,83,92,101,109,114,41.11638,33.42962,9.45400,31.80988,38.02588,0.41102,0.07540,0.10534,0.12260,0.05078,0.05690,0.02888,0.01398
24,WSH,15,E,M,1519.6010,97.54322,13.33434,75,80,89,98,107,115,119,44.16874,30.62552,9.20574,34.64272,41.07144,0.58492,0.15592,0.16582,0.15024,0.05550,0.05744,0.06942,0.03696
11,CHI,16,W,C,1427.1552,76.19462,13.40463,54,59,67,76,85,94,99,33.23572,41.04110,9.72318,24.87104,30.25688,0.11140,0.00474,0.01216,0.02448,0.03004,0.03998,0.00274,0.00072
27,COL,21,W,C,1560.9154,107.91118,12.63889,86,91,99,108,117,124,128,49.68714,25.77596,8.53690,39.94312,46.67350,0.88150,0.35504,0.22468,0.15402,0.08898,0.05878,0.28308,0.14684
15,DAL,25,W,C,1545.3332,104.25336,12.97501,82,87,96,104,113,121,125,47.73410,27.48074,8.78516,38.04712,44.68026,0.81350,0.24994,0.21098,0.16774,0.10726,0.07758,0.19302,0.09552
37,MIN,30,W,C,1522.1862,99.04906,13.17792,77,82,90,99,108,116,120,44.97970,29.93064,9.08966,35.38834,41.87724,0.69146,0.13878,0.16524,0.16496,0.12338,0.09910,0.10232,0.04448
34,NSH,18,W,C,1482.5060,89.54432,13.42692,67,72,80,90,99,107,111,40.01910,34.47478,9.50612,30.81538,36.93680,0.40650,0.04000,0.07076,0.10076,0.09440,0.10058,0.02712,0.00930
18,STL,19,W,C,1500.9569,94.02958,13.37327,72,77,85,94,103,111,116,42.34014,32.31056,9.34930,32.93304,39.25032,0.54382,0.07570,0.10960,0.13276,0.11752,0.10824,0.05372,0.02134
28,UTA,68,W,C,1503.4991,94.57094,13.33032,72,77,86,95,104,112,116,42.63460,32.06366,9.30174,33.21148,39.54032,0.56216,0.08094,0.11646,0.13748,0.11752,0.10976,0.05850,0.02352
35,WPG,52,W,C,1491.7087,91.70840,13.47567,69,74,83,92,101,109,114,41.13338,33.42498,9.44164,31.83196,38.03560,0.47506,0.05486,0.09012,0.11780,0.10810,0.10418,0.03824,0.01394
32,ANA,24,W,P,1489.3908,91.77348,13.41239,69,74,83,92,101,109,113,41.17346,33.39998,9.42656,31.88428,38.07194,0.52992,0.15556,0.15516,0.14640,0.03102,0.04178,0.03680,0.01348
21,CGY,20,W,P,1475.2226,88.48600,13.45083,66,71,79,89,98,106,111,39.46626,34.98026,9.55348,30.31568,36.38014,0.42800,0.10292,0.12366,0.12934,0.02978,0.04230,0.02198,0.00764
25,EDM,22,W,P,1509.0794,96.39500,13.23932,74,79,87,97,106,113,118,43.58244,31.18744,9.23012,34.09452,40.48422,0.66306,0.25346,0.18948,0.15270,0.03056,0.03686,0.07118,0.02906
14,LAK,26,W,P,1483.4393,90.30964,13.42456,68,73,81,90,100,108,112,40.41316,34.10352,9.48332,31.19592,37.31980,0.48444,0.13020,0.13992,0.14348,0.02914,0.04170,0.02974,0.01028
39,SEA,55,W,P,1458.2032,84.22320,13.54782,62,67,75,84,93,102,107,37.28352,37.06032,9.65616,28.38082,34.22158,0.31316,0.06168,0.08550,0.10536,0.02378,0.03684,0.01122,0.00350
29,SJS,28,W,P,1461.5838,85.10698,13.45124,63,68,76,85,94,102,107,37.73818,36.63120,9.63062,28.81260,34.68530,0.33420,0.06800,0.09182,0.11216,0.02474,0.03748,0.01240,0.00304
20,VAN,23,W,P,1429.1356,77.33082,13.38711,55,60,68,77,86,95,100,33.80720,40.47638,9.71642,25.34934,30.80548,0.15626,0.02240,0.03944,0.05696,0.01318,0.02428,0.00330,0.00072
38,VGK,54,W,P,1500.3607,94.40754,13.34147,72,77,85,95,104,112,116,42.53648,32.12894,9.33458,33.12536,39.44580,0.60556,0.20578,0.17502,0.15360,0.03060,0.04056,0.05464,0.02190
